maker,product_name,color,num_reviews,ratings_new,num_ratings_new,RAM(GB),ROM(GB),Expandable_ROM(GB),Display_Size(cm),Display_type,Rear_Camera(MB),Front_Camera(MB),Battery_Backup(mAh),Price(â‚¹),Rear_Dual_Camera
POCO,C51,Royal Blue,2450,4.1,47216,4,64,1024,16.56,HD+ Display,8,5 ,5000,6499,1
POCO,C51,Power Black,2450,4.1,47216,4,64,1024,16.56,HD+ Display,8,5 ,5000,6499,1
POCO,C50,Royal Blue,2400,4.2,50720,2,32,512,16.56,HD+ Display,8,5 ,5000,5499,0
vivo,T2x,Marine Blue,5526,4.4,99535,6,128,0,16.71,Full HD+ Display,50,8 ,5000,13999,0
vivo,T2x,Glimmer Black,5526,4.4,99535,6,128,0,16.71,Full HD+ Display,50,8 ,5000,13999,0
vivo,T2x,Glimmer Black,2941,4.4,55643,4,128,0,16.71,Full HD+ Display,50,8 ,5000,12999,0
vivo,T2x,Aurora Gold,2941,4.4,55643,4,128,0,16.71,Full HD+ Display,50,8 ,5000,12999,0
Infinix,SMART,Azure Blue,2828,4.3,57868,4,64,2048,16.76,HD+ Display,13,5 ,6000,6999,0
Infinix,SMART,Emerald Green,2828,4.3,57868,4,128,512,16.76,HD+ Display,13,5 ,6000,7799,0
Infinix,SMART,Emerald Green,2828,4.3,57868,4,64,2048,16.76,HD+ Display,13,5 ,6000,6999,0
POCO,C55,Cool Blue,1903,4.2,33785,6,128,1024,17.04,HD+ Display,50,5 ,5000,8999,1
vivo,T2x,Aurora Gold,5526,4.4,99535,6,128,0,16.71,Full HD+ Display,50,8 ,5000,13999,0
Infinix,SMART,Azure Blue,2828,4.3,57868,4,128,512,16.76,HD+ Display,13,5 ,6000,7799,0
Infinix,SMART,Night Black,2828,4.3,57868,4,64,2048,16.76,HD+ Display,13,5 ,6000,6999,0
POCO,C55,Forest Green,1903,4.2,33785,6,128,1024,17.04,HD+ Display,50,5 ,5000,8999,1
OnePlus,Nord,Blue Tide,6557,4.4,94153,6,128,0,16.74,Display,64,16 ,5000,17934,0
POCO,C55,Power Black,1903,4.2,33785,6,128,1024,17.04,HD+ Display,50,5 ,5000,8999,1
REDMI,11,Peppy Purple,237,4.3,4914,4,64,512,16.71,Full HD+ Display,50,8 ,5000,8999,0
MOTOROLA,e32,Arctic Blue,1069,3.9,13159,4,64,1024,16.51,HD+ Display,50,8 ,5000,7999,0
POCO,C55,Forest Green,2688,4.2,46158,4,64,1024,17.04,HD+ Display,50,5 ,5000,7499,1
MOTOROLA,G32,Mineral Gray,3656,4.1,42361,8,128,0,16.51,Full HD+ Display,50,16 ,5000,11999,0
POCO,C55,Cool Blue,2688,4.2,46158,4,64,1024,17.04,HD+ Display,50,5 ,5000,7499,1
MOTOROLA,e13,Aurora Green,3441,4.0,42122,4,64,1024,16.51,HD+ Display,13,5 ,5000,7299,0
Infinix,SMART,Night Black,2828,4.3,57868,4,128,512,16.76,HD+ Display,13,5 ,6000,7799,0
MOTOROLA,G62,Frosted Blue,3779,4.1,42973,6,128,0,16.64,Full HD+ Display,50,16 ,5000,14999,0
Infinix,HOT,Marigold,3578,4.3,61255,8,128,1024,16.76,HD+ Display,50,5 ,5000,9039,0
Infinix,HOT,Diamond White,3578,4.3,61255,8,128,1024,16.76,HD+ Display,50,5 ,5000,9039,0
Infinix,HOT,Diamond White,748,4.3,13482,4,64,1024,16.76,HD+ Display,50,5 ,5000,8199,0
Infinix,HOT,Marigold,748,4.3,13482,4,64,1024,16.76,HD+ Display,50,5 ,5000,8199,0
MOTOROLA,e13,Creamy White,3441,4.0,42122,4,64,1024,16.51,HD+ Display,13,5 ,5000,7299,0
MOTOROLA,e13,Cosmic Black,3441,4.0,42122,4,64,1024,16.51,HD+ Display,13,5 ,5000,7299,0
Infinix,HOT,Glacier Blue,748,4.3,13482,4,64,1024,16.76,HD+ Display,50,5 ,5000,8199,0
POCO,C55,Power Black,2688,4.2,46158,4,64,1024,17.04,HD+ Display,50,5 ,5000,7499,1
MOTOROLA,G62,Midnight Gray,3779,4.1,42973,6,128,0,16.64,Full HD+ Display,50,16 ,5000,14999,0
MOTOROLA,g13,Lavender Blue,3684,4.0,40188,4,128,1024,16.51,HD+ Display,50,8 ,5000,9999,0
Infinix,HOT,Mirror Black,3578,4.3,61255,8,128,1024,16.76,HD+ Display,50,5 ,5000,9039,0
Infinix,HOT,Glacier Blue,3578,4.3,61255,8,128,1024,16.76,HD+ Display,50,5 ,5000,9039,0
Infinix,HOT,Mirror Black,748,4.3,13482,4,64,1024,16.76,HD+ Display,50,5 ,5000,8199,0
MOTOROLA,G32,Satin Silver,3656,4.1,42361,8,128,0,16.51,Full HD+ Display,50,16 ,5000,11999,0
Infinix,Smart,Green Apple,811,4.3,17877,2,64,1024,16.76,HD+ Display,8,5 ,5000,6199,0
Infinix,Smart,Ink Black,811,4.3,17877,2,64,1024,16.76,HD+ Display,8,5 ,5000,6199,0
Infinix,Smart,Silk Blue,811,4.3,17877,2,64,1024,16.76,HD+ Display,8,5 ,5000,6199,0
Infinix,Smart,Jade White,811,4.3,17877,2,64,1024,16.76,HD+ Display,8,5 ,5000,6199,0
POCO,C50,Country Green,2400,4.2,50720,2,32,512,16.56,HD+ Display,8,5 ,5000,5499,0
realme,C53,Champion Gold,575,4.5,12644,6,64,2048,17.12,HD Display,108,8 ,5000,10999,0
POCO,M5,Icy Blue,1424,4.1,16887,4,64,512,16.71,Full HD+ Display,50,8 ,5000,8499,0
realme,C53,Champion Black,575,4.5,12644,6,64,2048,17.12,HD Display,108,8 ,5000,10999,0
MOTOROLA,e32,Eco Black,1069,3.9,13159,4,64,1024,16.51,HD+ Display,50,8 ,5000,7999,0
realme,C53,Champion Gold,229,4.2,2548,4,128,2048,17.12,HD Display,108,8 ,5000,9999,0
Infinix,SMART,Night Black,2828,4.3,57868,4,128,512,16.76,HD+ Display,13,5 ,6000,7799,0
Nokia,105,0,1722,4.1,28244,0.03125,0.03125,0,4.5,QVGA Display,0,0,800,1299,0
POCO,M5,Power Black,1424,4.1,16887,4,64,512,16.71,Full HD+ Display,50,8 ,5000,8499,0
REDMI,12,Jade Black,315,4.4,4390,4,128,1024,17.25,Full HD+ Display,50,8 ,5000,9999,0
MOTOROLA,G62,Midnight Gray,1864,4.1,21196,8,128,0,41.94,Full HD+ Display,50,16 ,5000,15999,0
MOTOROLA,G62,Frosted Blue,1864,4.1,21196,8,128,0,41.94,Full HD+ Display,50,16 ,5000,15999,0
REDMI,11,Flashy Black,450,4.4,9151,6,128,512,16.71,Full HD+ Display,50,8 ,5000,10999,0
SAMSUNG,Galaxy,Dark Blue,285,4.1,4719,4,64,1024,16.51,HD+ Display,13,5 ,5000,8072,0
SAMSUNG,Galaxy,Smoky Teal,166,4.2,2320,6,128,0,16.76,Display,50,0,6000,15015,0
SAMSUNG,Galaxy,Waterfall Blue,9457,4.3,165251,4,64,1024,16.76,Full HD+ Display,50,8 ,6000,10999,0
SAMSUNG,Galaxy,Nightsky Green,9457,4.3,165251,4,64,1024,16.76,Full HD+ Display,50,8 ,6000,10999,0
Nokia,105,0,157,4,2134,0.03125,0.03125,0,4.5,Display,0,0 ,1000,1549,0
Nokia,105,0,157,4,2134,0.03125,0.03125,0,4.5,Display,0,0 ,1000,1299,0
Nokia,105,0,157,4,2134,0.03125,0.03125,0,4.5,Display,0,0 ,1000,1299,0
SAMSUNG,Galaxy,Jade Purple,2147,4.2,37930,4,64,1024,16.51,HD Display,13,5 ,5000,8499,0
LAVA,A1,0,20,4.0,196,0.00390625,0.00390625,32,4.5,Quarter QVGA Display,0,0,0,1039,0
realme,C55,Rainforest,1217,4.4,21770,8,128,1024,17.07,Full HD+ Display,64,8 ,5000,13999,0
Nokia,105,0,7342,4.3,80183,0.00390625,0.00390625,0,4.57,Quarter QVGA Display,0,0,0,1549,0
realme,C55,Rainforest,851,4.3,13100,6,64,1024,17.07,Full HD+ Display,64,8 ,5000,11999,0
Micromax,J22,0,149,3.9,2516,0.03125,0.03125,0,6.1,Display,0,0,0,1067,0
REDMI,A1+,Black,398,4.2,9704,2,32,512,16.56,HD+ Display,8,5 ,5000,6299,0
realme,C55,Rainforest,3922,4.4,68511,4,64,1024,17.07,Full HD+ Display,64,8 ,5000,10999,0
realme,C53,Champion Black,229,4.2,2548,4,128,2048,17.12,HD Display,108,8 ,5000,9999,0
Micromax,X512,0,85,4,1301,0.029296875,0.0234375,0,4.5,Display,0,0,0,997,0
REDMI,11,Peppy Purple,450,4.4,9151,6,128,512,16.71,Full HD+ Display,50,8 ,5000,10999,0
SAMSUNG,Galaxy,OMG Black,2272,4.2,29399,6,128,1024,16.76,Full HD+ Display,50,13 ,6000,14990,0
POCO,M5,Yellow,1424,4.1,16887,4,64,512,16.71,Full HD+ Display,50,8 ,5000,8499,0
Micromax,J22,0,149,3.9,2516,0.03125,0.03125,0,6.1,Display,0,0,0,1137,0
MOTOROLA,e13,Cosmic Black,392,4,4490,2,64,1024,16.51,HD+ Display,13,5 ,5000,6499,0
Infinix,HOT,Aurora Green,1478,4.4,29072,4,64,256,17.32,HD+ Display,0,8 ,6000,7999,0
MOTOROLA,g73,Midnight Blue,2888,4.0,23948,8,128,1024,16.51,Full HD+ Display,50,16 ,5000,16999,0
SAMSUNG,Galaxy,Sunrise Copper,9457,4.3,165251,4,64,1024,16.76,Full HD+ Display,50,8 ,6000,10999,0
POCO,M5,Power Black,442,4.2,6724,6,128,512,16.71,Full HD+ Display,50,8 ,5000,10499,0
Infinix,HOT,Fantasy Purple,1478,4.4,29072,4,64,256,17.32,HD+ Display,0,8 ,6000,7999,0
POCO,X5,Jaguar Black,1273,4.2,16671,6,128,1024,16.94,Full HD+ Display,48,13 ,5000,15999,0
realme,C55,Sunshower,3922,4.4,68511,4,64,1024,17.07,Full HD+ Display,64,8 ,5000,10999,0
realme,C55,Sunshower,1217,4.4,21770,8,128,1024,17.07,Full HD+ Display,64,8 ,5000,13999,0
realme,C55,Rainy Night,3922,4.4,68511,4,64,1024,17.07,Full HD+ Display,64,8 ,5000,10999,0
POCO,M5,Icy Blue,442,4.2,6724,6,128,512,16.71,Full HD+ Display,50,8 ,5000,10499,0
MOTOROLA,G32,Rose Gold,3656,4.1,42361,8,128,0,16.51,Full HD+ Display,50,16 ,5000,11999,0
realme,C55,Rainy Night,1217,4.4,21770,8,128,1024,17.07,Full HD+ Display,64,8 ,5000,13999,0
realme,C30,Denim Black,5706,4.2,107613,2,32,1024,16.51,HD+ Display,8,5 ,5000,5999,0
Infinix,HOT,Luna Blue,1478,4.4,29072,4,64,256,17.32,HD+ Display,0,8 ,6000,7999,0
Infinix,Note,Sunset Gold,185,4.1,1611,4,128,2048,17.22,Full HD+ Display,0,16 ,5000,14999,0
realme,10,Rush Black,551,4.3,7800,8,128,1024,16.26,Full HD+ Display,50,16 ,5000,14999,0
GFive,U220i,0,76,3.3,816,0.03125,0.03125,16,4.57,Display,3,0,1000,699,0
realme,10,Clash White,551,4.3,7800,8,128,1024,16.26,Full HD+ Display,50,16 ,5000,14999,0
realme,10,Rush Black,1428,4.2,17953,4,64,1024,16.26,Full HD+ Display,50,16 ,5000,11499,0
POCO,C50,Royal Blue,1098,4.0,17413,3,32,512,16.56,HD+ Display,8,5 ,5000,6299,0
REDMI,11,Playful Green,450,4.4,9151,6,128,512,16.71,Full HD+ Display,50,8 ,5000,10999,0
realme,C30,Denim Black,3807,4.1,63219,3,32,1024,16.51,HD+ Display,8,5 ,5000,6499,0
realme,C55,Rainy Night,857,4.3,13184,6,64,1024,17.07,Full HD+ Display,64,8 ,5000,11999,0
realme,C55,Sunshower,857,4.3,13184,6,64,1024,17.07,Full HD+ Display,64,8 ,5000,11999,0
realme,C30,Lake Blue,3807,4.1,63219,3,32,1024,16.51,HD+ Display,8,5 ,5000,6499,0
SAMSUNG,Galaxy,Light Green,285,4.1,4719,4,64,0,16.51,HD+ Display,13,5 ,5000,8096,0
vivo,T2,Nitro Blaze,572,4.4,8363,8,128,0,16.21,Full HD+ Display,2,16 ,4500,20999,0
vivo,T2,Velocity Wave,2748,4.4,44129,6,128,0,16.21,Full HD+ Display,2,16 ,4500,18999,0
vivo,T2,Nitro Blaze,2748,4.4,44129,6,128,0,16.21,Full HD+ Display,2,16 ,4500,18999,0
GFive,U873,0,947,3.5,10734,0.03125,0.03125,16,4.57,Display,3,0,1000,725,0
POCO,C50,Country Green,1098,4.0,17413,3,32,512,16.56,HD+ Display,8,5 ,5000,6299,0
GFive,U220i,0,76,3.3,816,0.03125,0.03125,16,4.57,Display,3,0,1000,699,0
realme,C30,Bamboo Green,3807,4.1,63219,3,32,1024,16.51,HD+ Display,8,5 ,5000,6499,0
vivo,T2,Velocity Wave,572,4.4,8363,8,128,0,16.21,Full HD+ Display,2,16 ,4500,20999,0
POCO,M6,Power Black,52,4.5,612,4,64,1024,17.25,Full HD+ Display,50,8 ,5000,10999,0
Infinix,HOT,Racing Black,1478,4.4,29072,4,64,256,17.32,HD+ Display,0,8 ,6000,7999,0
GFive,U873,0,947,3.5,10734,0.03125,0.03125,16,4.57,Display,3,0,1000,725,0
Micromax,X512,0,7,3.9,194,0.03125,0.03125,0,4.5,Display,3,0,1750,1099,0
realme,10,Clash White,1428,4.2,17953,4,64,1024,16.26,Full HD+ Display,50,16 ,5000,11499,0
Micromax,X512,0,952,3.9,10658,0.0546875,0.0234375,0,4.5,Display,3,0,1750,1799,0
itel,Magic,0,371,3.9,3423,0.0625,0.125,0,6.1,Display,3,0,2500,2498,0
realme,C30,Lake Blue,5706,4.2,107613,2,32,1024,16.51,HD+ Display,8,5 ,5000,5999,0
Google,Pixel,Chalk,6809,4.3,57562,6,128,0,15.6,Full HD+ Display,2,8 ,4410,26999,0
itel,Ace2,0,127,4,1467,0.00390625,0.00390625,32,4.57,Quarter QVGA Display,0,0,1000,905,0
realme,10,Clash White,1428,4.2,17953,4,64,1024,16.26,Full HD+ Display,50,16 ,5000,11499,0
MOTOROLA,g14,Steel Gray,55,4.2,492,4,128,1024,16.51,Full HD+ Display,50,8 ,5000,9999,0
SAMSUNG,Galaxy,Waterfall Blue,9457,4.3,165251,4,128,1024,16.76,Full HD+ Display,50,8 ,6000,11999,0
MOTOROLA,g72,Meteorite Grey,2370,4.1,18634,6,128,1024,16.64,Full HD+ Display,108,16 ,5000,14999,0
itel,Ace2,0,127,4,1467,0.00390625,0.00390625,32,4.57,Quarter QVGA Display,0,0,1000,905,0
APPLE,iPhone,Midnight,1720,4.6,45294,0,128,0,15.49,Super Retina XDR Display,12,12 ,0,68999,0
realme,10,Dark Matter,2023,4.3,27837,8,128,1024,17.07,Full HD+ Display,108,16 ,5000,19999,0
LAVA,Hero,0,87,4,1501,0.00390625,0.0029296875,32,4.57,QVGA Display,0,0,0,898,0
Infinix,Note,Sunset Gold,1637,4.2,11446,8,256,2048,17.22,Full HD+ Display,0,16 ,5000,15999,0
POCO,X5,Supernova Green,1273,4.2,16671,6,128,1024,16.94,Full HD+ Display,48,13 ,5000,15999,0
REDMI,12,Pastel Blue,315,4.4,4390,4,128,1024,17.25,Full HD+ Display,50,8 ,5000,9999,0
Infinix,HOT,Space Blue,1159,4.2,14888,4,64,1024,16.76,Full HD+ Display,50,8 ,5000,11499,0
Infinix,HOT,Blaster Green,1159,4.2,14888,4,64,1024,16.76,Full HD+ Display,50,8 ,5000,11499,0
Snexian,GURU,0,1684,3.3,21177,0.03125,0.03125,0,4.57,NA Display,3,0,800,699,0
REDMI,A2,Aqua Blue,86,4.1,1531,4,64,0,16.56,Display,8,0,5000,7384,0
REDMI,A2,Classic Black,86,4.1,1531,4,64,0,16.56,Display,8,0,5000,7214,0
POCO,M4,Cool Blue,1897,4.2,24350,8,128,1024,16.33,Full HD+ AMOLED Display,64,16 ,5000,13999,0
Nokia,105,0,709,4.1,10592,0.00390625,0.00390625,0,4.5,Display,0,0,1000,1549,0
Infinix,Note,Interstellar Blue,1637,4.2,11446,8,256,2048,17.22,Full HD+ Display,0,16 ,5000,15999,0
Infinix,Note,Interstellar Blue,185,4.1,1611,4,128,2048,17.22,Full HD+ Display,0,16 ,5000,14999,0
Snexian,Guru,0,1684,3.3,21177,0.03125,0.0625,16,4.57,Quarter QVGA Display,3,0,800,670,0
POCO,C50,Country Green,1098,4.0,17413,3,32,512,16.56,HD+ Display,8,5 ,5000,6299,0
Google,Pixel,Charcoal,6809,4.3,57562,6,128,0,15.6,Full HD+ Display,2,8 ,4410,26999,0
Infinix,NOTE,Metaverse Blue,835,4.2,8205,4,64,512,17.02,Full HD+ AMOLED Display,0,8 ,5000,9499,0
REDMI,Note,Glacier Blue,2935,4.2,30320,6,128,0,16.94,Full HD+ AMOLED Display,50,16 ,5000,23999,0
MOTOROLA,e13,Creamy White,392,4,4490,2,64,1024,16.51,HD+ Display,13,5 ,5000,6499,0
IQOO,Z6,With Charger) ,118,4.3,1906,6,128,0,16.97,Display,50,0,5000,15265,0
Micromax,S114,0,20,3.8,377,0.03125,0.0625,0,4.5,Display,08,0,1000,930,0
Micromax,S114,0,20,3.8,377,0.03125,0.0625,0,4.5,Display,08,0,1000,956,0
Micromax,S114,0,20,3.8,377,0.03125,0.0625,0,4.5,Display,08,0,1000,965,0
DIZO,Star,0,1725,3.9,15700,0.03125,0.03125,64,7.11,QVGA Display,3,0,1900,1765,0
MOTOROLA,Edge,Nebula Green,2523,4.2,16486,8,256,0,16.51,Full HD+ Display,50,32 ,4400,29999,0
LAVA,Hero,0,87,4,1501,0.00390625,0.0029296875,32,4.57,Display,0,0,0,898,0
Nokia,105,0,709,4.1,10592,0.00390625,0.00390625,0,4.5,Display,0,0,1000,1549,0
Infinix,HOT,Knight Black,63,4.2,542,4,128,1024,17.22,Full HD+ Display,0,8 ,6000,12499,0
APPLE,iPhone,Purple,1720,4.6,45294,0,128,0,15.49,Super Retina XDR Display,12,12 ,0,68999,0
MOTOROLA,g73,Lucent White,2888,4.0,23948,8,128,1024,16.51,Full HD+ Display,50,16 ,5000,16999,0
realme,10,Hyperspace,2023,4.3,27837,8,128,1024,17.07,Full HD+ Display,108,16 ,5000,19999,0
realme,10,Nebula Blue,2023,4.3,27837,8,128,1024,17.07,Full HD+ Display,108,16 ,5000,19999,0
REDMI,Note,Lunar Black,948,4.1,11169,6,64,1024,16.94,Full HD+ Super AMOLED Display,50,13 ,5000,13999,0
REDMI,A1+,Light Green,400,4.2,9758,2,32,512,16.56,HD+ Display,8,5 ,5000,6299,0
realme,10,Hyperspace,2481,4.3,34512,6,128,1024,17.07,Full HD+ Display,108,16 ,5000,18999,0
realme,10,Nebula Blue,2481,4.3,34512,6,128,1024,17.07,Full HD+ Display,108,16 ,5000,18999,0
Snexian,Guru,0,1684,3.3,21177,0.03125,0.0625,16,4.57,NA Display,3,0,800,670,0
POCO,X5,Wildcat Blue,1273,4.2,16671,6,128,1024,16.94,Full HD+ Display,48,13 ,5000,15999,0
vivo,Y02t,Cosmic Grey,29,4.2,643,4,64,0,16.54,HD+ Display,8,5 ,5000,9999,0
vivo,Y02t,Cosmic Grey,29,4.2,643,4,64,0,16.54,HD+ Display,8,5 ,5000,9999,0
REDMI,A1+,Light Green,400,4.2,9758,2,32,512,16.56,HD+ Display,8,5 ,5000,6299,0
realme,Narzo,Feather Gold,52,4.3,920,4,64,0,17.12,Display,50,0,5000,9967,0
GFive,U106,0,199,3.5,2467,0.03125,0.0625,16,4.57,Display,3,0,950,725,0
GFive,U220+,0,600,3.5,5550,0.03125,0.03125,0,4.57,Display,3,0,1000,699,0
MOTOROLA,Edge,Eclipse Black,2523,4.2,16486,8,256,0,16.51,Full HD+ Display,50,32 ,4400,29999,0
Infinix,NOTE,Force Black,835,4.2,8205,4,64,512,17.02,Full HD+ AMOLED Display,0,8 ,5000,9499,0
vivo,Y02t,Sunset Gold,29,4.2,643,4,64,0,16.54,HD+ Display,8,5 ,5000,9999,0
Nokia,125,0,439,3.9,6819,0.00390625,0.00390625,0,6.1,Display,0,0,0,2349,0
SAMSUNG,Galaxy,B.A.E. Purple,2272,4.2,29399,6,128,1024,16.76,Full HD+ Display,50,13 ,6000,14990,0
LAVA,A3,0,242,4.1,2661,0,0,32,4.5,Quarter QVGA Display,3,0,2575,1379,0
SAMSUNG,Guru,0,19013,4.3,208497,0,0,0,5.08,NA Display,0,0,0,2890,0
Infinix,NOTE,Alpine White,835,4.2,8205,4,64,512,17.02,Full HD+ AMOLED Display,0,8 ,5000,9499,0
POCO,X4,Laser Blue,2253,4.2,23357,8,128,1024,16.94,Full HD+ Super AMOLED Display,64,16 ,5000,17999,0
REDMI,Note,Mystique Blue,281,4,3325,4,128,1024,16.94,Full HD+ AMOLED Display,48,13 ,5000,16999,0
Infinix,HOT,Racing Black,1159,4.2,14888,4,64,1024,16.76,Full HD+ Display,50,8 ,5000,11499,0
Nokia,105,0,29,3.8,384,0.00390625,0.00390625,0,4.57,Display,0,0,0,1385,0
realme,10,Dark Matter,2481,4.3,34512,6,128,1024,17.07,Full HD+ Display,108,16 ,5000,18999,0
Nokia,105,0,6328,4.2,85073,0.00390625,0.00390625,0,4.5,Quarter QVGA Display,0,0,0,1549,0
realme,11,Sunrise Beige,1977,4.3,21472,8,256,0,17.02,Full HD+ Display,100,16 ,5000,24999,0
Nokia,105,0,709,4.1,10592,0.00390625,0.00390625,0,4.5,Display,0,0,1000,1549,0
POCO,M5,Yellow,442,4.2,6724,6,128,512,16.71,Full HD+ Display,50,8 ,5000,14499,0
KARBONN,Jumbo,0,1338,4.0,13662,0,0,8,6.6,QVGA Display,3,0,1800,1299,0
Infinix,HOT,Miami Orange,274,4.2,2605,8,128,1024,17.22,Full HD+ Display,0,8 ,6000,13499,0
SAMSUNG,Galaxy,Opal Green,2210,4.2,37930,4,64,1024,16.51,HD Display,13,5 ,5000,8499,0
SAMSUNG,Galaxy,Aqua Blue,15925,4.3,204853,6,128,1024,16.76,Full HD+ Display,50,8 ,5000,16999,0
Infinix,HOT,Miami Orange,289,4.2,2605,8,128,1024,17.22,Full HD+ Display,0,8 ,6000,13499,0
REDMI,Note,Frosted Green,330,4.1,4539,6,128,1024,16.94,Full HD+ AMOLED Display,48,13 ,5000,18999,0
POCO,X5,Jaguar Black,406,4.1,5208,8,256,1024,16.94,Full HD+ Display,48,13 ,5000,17999,0
Nokia,105,0,6331,4.2,85073,0.00390625,0.00390625,0,4.5,Quarter QVGA Display,0,0,0,1549,0
realme,11,Sunrise Beige,2132,4.3,21472,8,256,0,17.02,Full HD+ Display,100,16 ,5000,24999,0
POCO,M5,Yellow,456,4.2,6724,6,128,512,16.71,Full HD+ Display,50,8 ,5000,14499,0
Micromax,X512,0,954,3.9,10658,0.0546875,0.0234375,0,4.5,Display,3,0,1750,1090,0
LAVA,A1,0,11555,4.2,110158,0.0234375,0.0234375,32,4.5,Quarter QVGA Display,3,0,800,1049,0
Infinix,Zero,Submariner Black,699,4.1,6528,8,128,256,17.22,Full HD+ Display,50,16 ,5000,14999,0
LAVA,A3,0,244,4.1,2661,0,0,32,4.5,Quarter QVGA Display,3,0,2575,1379,0
MOTOROLA,g42,Atlantic Green,1051,4.2,9973,4,64,0,16.26,Full HD+ AMOLED Display,50,16 ,5000,12499,0
REDMI,Note,Sunrise Gold,990,4.1,11169,6,64,1024,16.94,Full HD+ Super AMOLED Display,50,13 ,5000,13999,0
REDMI,Note,Ice Blue,990,4.1,11169,6,64,1024,16.94,Full HD+ Super AMOLED Display,50,13 ,5000,13999,0
SAMSUNG,Galaxy,Sunrise Copper,9667,4.3,165251,4,128,1024,16.76,Full HD+ Display,50,8 ,6000,11999,0
POCO,X4,Laser Blue,2289,4.2,23357,8,128,1024,16.94,Full HD+ Super AMOLED Display,64,16 ,5000,17999,0
vivo,Y02,Cosmic Grey,39,4.2,783,3,32,0,16.54,HD+ Display,8,5 ,5000,8499,0
SAMSUNG,Galaxy,Icy Silver,181,4.2,2378,6,128,0,16.76,Display,50,0,6000,15389,0
OPPO,Reno10,Ice Blue,1288,4.3,7930,8,256,0,17.02,Full HD+ Display,64,32 ,5000,32999,0
Nokia,105,0,1565,4.2,16746,0.00390625,0.00390625,0,4.57,Display,03,0,1000,1549,0
Good,One,0,499,3.9,2954,0.03125,0.03125,32,4.57,Display,2,0,2500,999,0
Jmax,J30,0,35,3.6,466,0.03125,0.03125,0,4.57,Display,2,0,1050,699,0
REDMI,A2,Sea Green,90,4.1,1531,4,64,0,16.56,Display,8,0,5000,7368,0
Infinix,Zero,Pearly White,667,4.1,6528,8,128,256,17.22,Full HD+ Display,50,16 ,5000,14999,0
SAMSUNG,Galaxy,Berry Blue,175,4.2,2378,6,128,0,16.76,Display,50,0,6000,15186,0
Nokia,105,0,1565,4.2,16746,0.00390625,0.00390625,0,4.57,Display,03,0,1000,1549,0
REDMI,12C,Matte Black,98,4.2,1774,4,64,0,17.04,Display,50,0,5000,8620,0
realme,11,Astral Black,37,4.2,427,12,256,0,17.02,Full HD+ Display,100,16 ,5000,27999,0
SAMSUNG,Galaxy,B.A.E. Purple,859,4.2,11408,4,128,1024,16.76,Full HD+ Display,50,13 ,6000,13990,0
Kechaoda,A26,0,1150,4.0,17270,0.03125,0.03125,16,1.68,Display,0,0,0,998,0
A10E,0,0,120,4.1,1624,0.00390625,0.03125,0,4.57,Display,0,0,0,1399,0
POCO,M4,Power Black,6283,4.2,90958,4,64,512,16.71,Full HD+ Display,50,8 ,5000,12999,0
realme,Narzo,Mars Orange,3,4.1,116,8,128,0,16.33,Display,64,0,5000,18257,0
SAMSUNG,Galaxy,Copper Blush,15627,4.3,204853,6,128,1024,16.76,Full HD+ Display,50,8 ,5000,16999,0
Good,One,0,497,3.9,2954,0.03125,0.03125,32,4.57,Display,2,0,2500,999,0
LAVA,Hero,0,87,4,1501,0.00390625,0.0029296875,32,4.57,QVGA Display,0,0,0,898,0
Jmax,J30,0,33,3.6,466,0.03125,0.03125,0,4.57,Display,2,0,1050,699,0
GFive,U106,0,199,3.5,2467,0.03125,0.0625,16,4.57,Display,3,0,950,725,0
REDMI,12C,Royal Blue,98,4.2,1774,4,128,1024,17.04,HD+ Display,50,5 ,5000,9388,0
realme,11,Astral Black,1977,4.3,21472,8,128,0,17.02,Full HD+ Display,100,16 ,5000,23999,0
Kechaoda,K55,0,11,3.8,318,0.03125,0.0625,0,4.57,Quarter QVGA Display,3,0,400,1160,0
SAMSUNG,Galaxy,Forest Green,15627,4.3,204853,6,128,1024,16.76,Full HD+ Display,50,8 ,5000,16999,0
realme,C30,Bamboo Green,5706,4.2,107613,2,32,1024,16.51,HD+ Display,8,5 ,5000,5999,0
Nokia,150,0,1922,4.2,20605,0.00390625,0.00390625,0,6.1,Display,3,0,1450,3149,0
LAVA,A1,0,1922,4.2,20605,0.00390625,0.0234375,32,4.5,Display,3,0,800,1049,0
LAVA,A1,0,497,3.9,2954,0.00390625,0.0234375,32,4.5,Display,3,0,800,1159,0
Micromax,X708,0,242,3.9,3503,0.03125,0.03125,0,6.1,Display,3,0,1450,1335,0
SAMSUNG,Galaxy,Forest Green,15627,4.3,204853,6,128,1024,16.76,Full HD+ Display,50,8 ,5000,16999,0
REDMI,12c,Matte Black,59,4.1,1079,6,128,1024,17.04,HD+ Display,50,5 ,5000,10366,0
REDMI,12C,Matte Black,98,4.2,1774,4,64,0,17.04,Display,50,0,5000,8619,0
Nokia,150,0,37,4.2,427,0.00390625,0.00390625,0,6.1,Display,3,0,1450,3149,0
realme,11,Astral Black,199,3.5,2467,12,256,0,17.02,Full HD+ Display,100,16 ,5000,27999,0
GFive,U106,0,1977,4.3,21472,0.03125,0.0625,16,4.57,Display,3,0,950,725,0
realme,11,Astral Black,1720,4.6,45294,8,128,0,17.02,Full HD+ Display,100,16 ,5000,23999,0
APPLE,iPhone,Starlight,2884,4.2,28902,0,128,0,15.49,Super Retina XDR Display,12,12 ,0,68999,0
LAVA,A3,0,6283,4.2,90958,0.00390625,0.0029296875,32,4.5,Display,3,0.3 ,1750,1299,0
POCO,M4,Power Black,1150,4.0,17270,4,64,512,16.71,Full HD+ Display,50,8 ,5000,12999,0
Kechaoda,A26,0,315,4.1,4539,0.03125,0.03125,16,1.68,FWVGA Display,0,0,0,997,0
REDMI,Note,Matte Black,2450,4.1,47216,6,128,1024,16.94,Full HD+ AMOLED Display,48,13 ,5000,18999,0
POCO,C51,Royal Blue,55,4.0,744,4,64,1024,16.56,HD+ Display,8,5 ,5000,5999,1
itel,It2175,0,175,4.2,2378,0.00390625,0.00390625,32,4.57,Quarter QVGA Display,3,0,1200,1095,0
SAMSUNG,Galaxy,Berry Blue,51,4.2,600,6,128,0,16.76,Display,50,0,6000,15187,0
SAMSUNG,Galaxy,Berry Blue,2344,4.1,31534,4,128,0,16.76,Display,50,0,6000,14154,0
Kechaoda,K115,0,2344,4.1,31534,0.03125,0.03125,0,3.66,QVGA Display,3,0,850,1120,0
Kechaoda,K115,0,242,3.9,3503,0.03125,0.03125,0,3.66,Display,3,0,850,1120,0
Micromax,X708,0,274,4.2,2605,0.03125,0.03125,0,6.1,Display,3,0,1450,1270,0
Infinix,HOT,Aurora Blue,1450,4.2,15412,8,128,1024,17.22,Full HD+ Display,0,8 ,6000,13499,0
REDMI,Note,Stardust Purple,71,4.2,1401,8,256,0,16.94,Full HD+ AMOLED Display,50,16 ,5000,26999,0
realme,Narzo,Prime Black,18,4.1,227,6,128,0,17.07,Display,64,0,5000,13169,0
LAVA,A1,0,1922,4.2,20605,0.00390625,0.0234375,32,4.5,Display,3,0,800,1159,0
LAVA,Hero,0,87,4,1501,0.00390625,0.0029296875,32,4.57,Display,0,0,0,898,0
SAMSUNG,Galaxy,GOAT Green,2272,4.2,29399,6,128,1024,16.76,Full HD+ Display,50,13 ,6000,14990,0
GFive,U707,0,1285,3.6,13724,0.03125,0.0625,16,4.57,Display,3,0,950,725,0
LAVA,A3,0,293,4.1,2958,0.03125,0.0234375,32,4.5,Quarter QVGA Display,3,0,2575,1499,0
GFive,U106,0,199,3.5,2467,0.03125,0.0625,16,4.57,Display,3,0,950,725,0
SAMSUNG,Galaxy,Copper Blush,15627,4.3,204853,6,128,1024,16.76,Full HD+ Display,50,8 ,5000,16999,0
Nokia,106,0,4,3.8,77,0.03125,0.03125,0,4.5,Display,0,0 ,1450,2199,0
POCO,X5,Yellow,1251,4.3,11455,6,128,0,16.94,Full HD+ Display,108,16 ,5000,20999,0
POCO,X5,Horizon Blue,1330,4.3,13233,8,256,0,16.94,Full HD+ Display,108,16 ,5000,24999,0
SAMSUNG,Galaxy,Electric Black,1,4.9,9,6,128,1024,16.51,Full HD+ Display,50,13 ,6000,18999,0
POCO,M6,Forest Green,31,4.3,335,6,128,1024,17.25,Full HD+ Display,50,8 ,5000,12999,0
Motorola,a70,0,212,4.1,2198,0,0.0,32,6.1,Quarter QVGA Display,0,0,0,1949,0
REDMI,K50i,Stealth Black,197,4.2,2033,8,256,0,16.76,Full HD+ Display,64,16 ,5080,23999,0
POCO,X5,Supernova Green,390,4.1,5208,8,256,1024,16.94,Full HD+ Display,48,13 ,5000,17999,0
Motorola,a70,0,170,4,1624,0.00390625,0.00390625,32,6.1,Quarter QVGA Display,0,0,0,1869,0
LAVA,A1,0,11545,4.2,110158,0.0234375,0.0234375,32,4.5,Quarter QVGA Display,3,0,800,1229,0
SAMSUNG,Guru,0,724,4.1,10580,0,0,16,5.08,QVGA Display,0,0,800,2890,0
Infinix,Smart,Force Black,2074,4.3,36624,2,32,512,16.76,HD+ Display,8,5 ,5000,5999,0
Infinix,Smart,Aqua Sky,2074,4.3,36624,2,32,512,16.76,HD+ Display,8,5 ,5000,5999,0
POCO,M6,Forest Green,52,4.5,612,4,64,1024,17.25,Full HD+ Display,50,8 ,5000,10999,0
realme,11,Astral Black,1977,4.3,21472,8,256,0,17.02,Full HD+ Display,100,16 ,5000,24999,0
realme,11,Oasis Green,1977,4.3,21472,8,256,0,17.02,Full HD+ Display,100,16 ,5000,24999,0
MOTOROLA,g14,Sky Blue,55,4.2,492,4,128,1024,16.51,Full HD+ Display,50,8 ,5000,9999,0
realme,11,Sunrise Beige,1977,4.3,21472,8,128,0,17.02,Full HD+ Display,100,16 ,5000,23999,0
realme,11,Oasis Green,600,4.3,5314,12,256,0,17.02,Full HD+ Display,200,32 ,5000,29999,0
LAVA,A1,0,1922,4.2,20605,0.00390625,0.0234375,32,4.5,Display,3,0,800,1228,0
DIZO,Star,0,1725,3.9,15700,0.03125,0.03125,64,7.11,QVGA Display,3,0,1900,1899,0
SAMSUNG,Guru,0,561,4,8144,0.1494140625,0.1494140625,0,3.81,Display,0,0,0,1410,0
PHILIPS,Xenium,0,150,3.9,1545,0.03125,0.03125,16,6.1,QVGA Display,08,0,1000,1299,0
vivo,T2x,Glimmer Black,1446,4.3,24210,8,128,0,16.71,Full HD+ Display,50,8 ,5000,15999,0
vivo,T2x,Marine Blue,1446,4.3,24210,8,128,0,16.71,Full HD+ Display,50,8 ,5000,15999,0
vivo,T2x,Aurora Gold,1446,4.3,24210,8,128,0,16.71,Full HD+ Display,50,8 ,5000,15999,0
Kechaoda,A26,0,1150,4.0,17270,0.03125,0.03125,16,1.68,Display,0,0,0,999,0
REDMI,Note,Matte Black,90,4.1,1139,8,256,1024,16.94,Full HD+ AMOLED Display,48,13 ,5000,20999,0
vivo,T2x,Marine Blue,2941,4.4,55643,4,128,0,16.71,Full HD+ Display,50,8 ,5000,12999,0
GFive,U707,0,1285,3.6,13724,0.03125,0.0625,16,4.57,Display,3,0,950,725,0
GFive,U707,0,1285,3.6,13724,0.03125,0.03125,16,4.57,Display,3,0,1000,725,0
POCO,X5,Astral Black,1330,4.3,13233,8,256,0,16.94,Full HD+ Display,108,16 ,5000,24999,0
Micromax,X413,0,284,4,3630,0.03125,0.03125,0,4.5,Display,3,0,800,925,0
REDMI,Note,Matte Black,281,4,3325,4,128,1024,16.94,Full HD+ AMOLED Display,48,13 ,5000,16999,0
Infinix,Smart,Origin Blue,2074,4.3,36624,2,32,512,16.76,HD+ Display,8,5 ,5000,5999,0
Nokia,106,0,4,3.8,77,0.03125,0.03125,0,4.5,Display,0,0 ,1450,2199,0
MOTOROLA,g13,Matte Charcoal,3684,4.0,40188,4,128,1024,16.51,HD+ Display,50,8 ,5000,9999,0
realme,Narzo,Prime Blue,71,4.2,1401,6,128,0,17.07,Display,64,0,5000,13450,0
IQOO,Z7S,Pacific Night,27,4.3,563,8,128,0,16.26,Display,64,0,4500,20427,0
IQOO,Z7S,Norway Blue,27,4.3,563,8,128,0,16.26,Display,64,0,4500,20140,0
IQOO,Z7s,Norway Blue,34,4.4,602,6,128,0,16.21,Display,64,0,4500,19189,0
realme,Narzo,Feather Black,65,4.2,1117,6,128,0,17.12,Display,50,0,5000,12450,0
realme,Narzo,Feather Gold,65,4.2,1117,6,128,0,17.12,Display,50,0,5000,12073,0
POCO,X5,Horizon Blue,1315,4.3,11455,6,128,0,16.94,Full HD+ Display,108,16 ,5000,20999,0
Micromax,X513+,0,197,3.8,2911,0.03125,0.03125,0,4.5,Display,3,0,1750,1151,0
OPPO,A17,Lake Blue,398,4.4,9059,4,64,2048,16.66,HD+ Display,50,5 ,5000,12499,0
REDMI,Note,Mystique Blue,94,4.1,1139,8,256,1024,16.94,Full HD+ AMOLED Display,48,13 ,5000,20999,0
Micromax,X513+,0,197,3.8,2911,0.03125,0.03125,0,4.5,Display,3,0,1750,1080,0
itel,IT5626,0,180,4,1834,0.0078125,0.0078125,32,7.11,QVGA Display,3,0,2500,1799,0
POCO,X5,Astral Black,1315,4.3,11455,6,128,0,16.94,Full HD+ Display,108,16 ,5000,20999,0
realme,11,Sunrise Beige,39,4.2,427,12,256,0,17.02,Full HD+ Display,100,16 ,5000,27999,0
DIZO,Star,0,1739,3.9,15700,0.03125,0.03125,64,7.11,QVGA Display,3,0,1900,1799,0
realme,11,Oasis Green,39,4.2,427,12,256,0,17.02,Full HD+ Display,100,16 ,5000,27999,0
REDMI,12C,Royal Blue,100,4.2,1774,4,64,0,17.04,Display,50,0,5000,8627,0
realme,11,Oasis Green,2132,4.3,21472,8,128,0,17.02,Full HD+ Display,100,16 ,5000,23999,0
POCO,C51,Power Black,2556,4.1,47216,4,64,1024,16.56,HD+ Display,8,5 ,5000,5999,1
realme,Narzo,Dark Blue,30,4.1,659,4,64,0,16.51,Display,8,5 ,5000,8785,0
LAVA,A1,0,0,4.2,9,0,0.0,32,4.5,Quarter QVGA Display,0,0,0,1059,0
LAVA,A1,0,9,4.2,77,0.00390625,0.00390625,32,4.5,Quarter QVGA Display,0,0,0,1039,0
realme,Narzo,Mars Orange,5,4.1,116,8,256,0,16.33,Display,64,0,5000,20533,0
Kechaoda,K112,0,2352,4.0,23062,0.03125,0.0625,32,6.1,QVGA Display,3,0,3600,1597,0
APPLE,iPhone,Starlight,879,4.6,14064,0,128,0,17.02,Super Retina XDR Display,12,12 ,0,77999,0
realme,11,Oasis Green,2237,4.3,18797,8,256,0,17.02,Full HD+ Display,200,32 ,5000,27999,0
REDMI,K50i,Quick Silver,206,4.2,2033,8,256,0,16.76,Full HD+ Display,64,16 ,5080,23999,0
APPLE,iPhone,Starlight,12792,4.7,249272,0,128,0,15.49,Super Retina XDR Display,12,12 ,0,59999,0
I,Kall,Grey,36,3.5,519,6,128,512,17.27,HD+ Display,13,8 + 5 Dual ,6000,9999,0
REDMI,Note,Lunar Black,990,4.1,11169,6,128,1024,16.94,Full HD+ Super AMOLED Display,50,13 ,5000,15999,0
REDMI,12C,Mint Green,100,4.2,1774,4,128,1024,17.04,HD+ Display,50,5 ,5000,9389,0
REDMI,12C,Matte Black,100,4.2,1774,4,128,1024,17.04,HD+ Display,50,5 ,5000,9490,0
SAMSUNG,Galaxy,Smoky Teal,56,4.2,600,4,128,0,16.76,Display,50,0,6000,14365,0
Micromax,X379+,0,14,3.3,200,0.03125,0.03125,8,4.5,Display,3,0,1000,1040,0
SAMSUNG,Guru,0,19039,4.3,208497,0,0,0,5.08,NA Display,0,0,0,2890,0
LAVA,A3,0,1,4.2,13,0,0.03125,32,4.5,Display,3,0.3 ,1750,1299,0
Kechaoda,A26,0,1166,4.0,17270,0.03125,0.03125,16,1.68,Display,0,0,0,997,0
REDMI,Note,Ice Blue,990,4.1,11169,6,128,1024,16.94,Full HD+ Super AMOLED Display,50,13 ,5000,15999,0
itel,Power,0,7,4.2,111,0.03125,0.03125,0,6.1,Display,3,0,2500,1470,0
POCO,M4,Cool Blue,6399,4.2,90958,4,64,512,16.71,Full HD+ Display,50,8 ,5000,12999,0
MOTOROLA,Edge,Meteor Grey,924,4.1,7034,8,128,0,16.64,Full HD+ Display,50,32 ,4020,22999,0
APPLE,iPhone,Midnight,12792,4.7,249272,0,128,0,15.49,Super Retina XDR Display,12,12 ,0,59999,0
Nokia,130M,0,666,4.1,8143,0.00390625,0.00390625,0,6.1,Display,0,0,0,2099,0
IQOO,Z6,With Charger) ,29,3.8,384,6,128,0,16.97,Display,50,0,5000,15299,0
Nokia,105,0,61,4.2,1072,0.00390625,0.00390625,0,4.57,Display,0,0,0,1589,0
SAMSUNG,GALAXY,Aqua Green,418,4,5198,4,64,0,16.51,Display,50,0,5000,12478,0
LAVA,A1,0,600,3.5,5550,0.03125,0.0234375,32,4.57,Quarter QVGA Display,3,0.3 ,800,1195,0
GFive,U220+,0,3362,4.2,46300,0.03125,0,0,4.57,Display,3,0,1000,664,0
POCO,M4,Power Black,219,4.3,3194,6,128,512,16.71,Full HD+ Display,50,8 ,5000,14999,0
realme,11,Sunrise Beige,2046,4.3,18797,8,256,0,17.02,Full HD+ Display,200,32 ,5000,27999,0
realme,11,Astral Black,2046,4.3,18797,8,256,0,17.02,Full HD+ Display,200,32 ,5000,27999,0
I,Kall,Golden,1450,4.2,15412,6,128,512,17.27,HD+ Display,13,8 ,6000,9999,0
REDMI,Note,Onyx Black,236,4.2,4017,8,256,0,16.94,Full HD+ AMOLED Display,50,16 ,5000,26999,0
SAMSUNG,GALAXY,Midnight Blue,30,4.1,659,4,64,0,16.76,Display,50,0,6000,10948,0
realme,Narzo,Dark Blue,79,4.2,1365,4,64,0,16.51,Display,8,5 ,5000,8785,0
realme,Narzo,Prime Black,390,4.1,5208,4,64,0,17.07,Display,64,0,5000,11025,0
POCO,X5,Wildcat Blue,1238,3.9,10735,8,256,1024,16.94,Full HD+ Display,48,13 ,5000,17999,0
DIZO,Star,0,6,4.2,111,0.03125,0.03125,64,4.5,Quarter QVGA Display,3,0,2550,1379,0
itel,Power,0,3301,4.2,46300,0.03125,0.03125,0,6.1,Display,3,0,2500,1470,0
POCO,M4,Power Black,600,3.5,5550,6,128,512,16.71,Full HD+ Display,50,8 ,5000,14999,0
GFive,U220+,0,98,4.2,1774,0.03125,0,0,4.57,Display,3,0,1000,664,0
REDMI,12C,Lavender Purple,66,3.8,683,4,128,1024,17.04,HD+ Display,50,5 ,5000,9300,0
KARBONN,KX,0,1330,4.3,13233,0.03125,0.03125,32,6.1,Display,3,0,2700,1499,0
POCO,X5,Yellow,1786,4.3,16270,8,256,0,16.94,Full HD+ Display,108,16 ,5000,24999,0
realme,GT,Steel Black,417,4,5198,8,128,0,16.81,Full HD+ AMOLED Display,50,16 ,5000,24999,0
LAVA,A1,0,28,4.0,287,0.03125,0.0234375,32,4.5,Quarter QVGA Display,3,0,800,1129,0
KARBONN,K531,0,281,4,3325,0.03125,0.03125,32,6.1,Quarter QVGA Display,3,0,1800,1399,0
REDMI,Note,Sunrise Gold,572,4,8047,4,128,1024,16.94,Full HD+ AMOLED Display,48,13 ,5000,16999,0
Kechaoda,A27,0,1983,4.2,29435,0.03125,0.03125,16,1.68,Display,0,0,0,999,0
Infinix,Hot,Turquoise Cyan,1,4.2,13,4,64,0,17.32,HD+ Display,0,8 ,6000,8999,0
LAVA,A3,0,296,3.9,3829,0,0.03125,32,4.5,Display,3,0.3 ,1750,1299,0
realme,Narzo,?Cosmic Black,3,4.1,116,8,128,0,16.33,Display,64,0,5000,18285,0
OnePlus,10R,Forest Green,204,4.3,3194,8,128,0,17.02,Display,50,16 ,5000,29940,0
POCO,X5,Yellow,1330,4.3,13233,8,256,0,16.94,Full HD+ Display,108,16 ,5000,24999,0
POCO,M4,Cool Blue,6283,4.2,90958,4,64,512,16.71,Full HD+ Display,50,8 ,5000,12999,0
LAVA,A1,0,417,4,5198,0.03125,0.0234375,32,4.5,Quarter QVGA Display,3,0,800,1129,0
KARBONN,KX,0,66,3.8,683,0.03125,0.03125,32,6.1,Display,3,0,2700,1499,0
GFive,A2,0,651,3.5,7283,0.03125,0.03125,16,4.57,Display,3,0,1000,749,0
realme,GT,Paper White,1786,4.3,16270,8,128,0,16.81,Full HD+ AMOLED Display,50,16 ,5000,24999,0
realme,GT,Steel Black,1786,4.3,16270,8,128,0,16.81,Full HD+ AMOLED Display,50,16 ,5000,24999,0
Tecno,Camon,Serenity Blue,19,4.3,192,8,256,1024,16.94,Full HD+ Display,64,32 ,5000,14998,0
REDMI,A1,Light Blue,410,4.2,8562,2,32,0,16.56,Display,5,0,5000,6258,0
Micromax,X818,0,296,3.9,3829,0.03125,0.03125,0,7.11,Display,3,0,1450,1558,0
APPLE,iPhone,Blue,1720,4.6,45294,0,128,0,15.49,Super Retina XDR Display,12,12 ,0,68999,0
Jmax,J06,0,6,3.7,92,0.03125,0.03125,0,4.57,Display,3,0,1100,699,0
POCO,X5,Wildcat Blue,390,4.1,5208,8,256,1024,16.94,Full HD+ Display,48,13 ,5000,17999,0
REDMI,A2,Sea Green,18,4.1,227,2,32,0,16.56,Display,8,0,5000,6999,0
KARBONN,K9,0,63,3.9,924,0.0625,0,0,4.57,QVGA Display,2,0,2502,1299,0
KARBONN,K9,0,63,3.9,924,0.0625,0,0,4.57,QVGA Display,2,0,2502,1299,0
Infinix,Hot,Polar Black,1983,4.2,29435,4,64,0,17.32,HD+ Display,0,8 ,6000,8999,0
Infinix,Hot,Turquoise Cyan,1983,4.2,29435,4,64,0,17.32,HD+ Display,0,8 ,6000,8999,0
REDMI,12c,Royal Blue,59,4.1,1079,6,128,1024,17.04,HD+ Display,50,5 ,5000,10799,0
KARBONN,K531,0,28,4.0,287,0.03125,0.03125,32,6.1,Quarter QVGA Display,3,0,1800,1391,0
POCO,M4,Yellow,6283,4.2,90958,4,64,512,16.71,Full HD+ Display,50,8 ,5000,12999,0
Nokia,105,0,29,3.8,384,0.00390625,0.00390625,0,4.57,Display,0,0,0,1471,0
REDMI,12c,Royal Blue,59,4.1,1079,6,128,1024,17.04,HD+ Display,50,5 ,5000,10888,0
itel,Power,0,6,4.2,111,0.03125,0.03125,0,6.1,Display,3,0,2500,1470,0
Kechaoda,K115,0,2344,4.1,31534,0.03125,0.03125,0,3.66,QVGA Display,3,0,850,1114,0
Jmax,J06,0,6,3.7,92,0.03125,0.03125,0,4.57,Display,3,0,1100,699,0
SAMSUNG,Galaxy,ICY Silver,51,4.2,600,4,128,0,16.76,Display,50,0,6000,14539,0
Tecno,Spark,Meta Blue,5,4.0,166,8,128,1024,16.76,HD+ Display,16,8 ,5000,9899,0
REDMI,12C,Lavender Purple,98,4.2,1774,4,64,0,17.04,Display,50,0,5000,8580,0
vivo,Y27,Garden Green,0,4.7,28,6,128,0,16.87,Full HD+ Display,50,8 ,5000,14999,0
vivo,Y27,Burgundy Black,0,4.7,28,6,128,0,16.87,Full HD+ Display,50,8 ,5000,14999,0
KARBONN,K531,0,28,4.0,287,0.03125,0.03125,32,6.1,Quarter QVGA Display,3,0,1800,1391,0
Kechaoda,888,0,22,4.1,262,0.0625,0.03125,0,4.57,Display,0,0,0,1799,0
REDMI,A2,Sea Green,18,4.1,227,2,32,0,16.56,Display,8,0,5000,6699,0
REDMI,Note,Frosted Green,90,4.1,1139,8,256,1024,16.94,Full HD+ AMOLED Display,48,13 ,5000,20999,0
APPLE,iPhone,Green,12335,4.7,249272,0,128,0,15.49,Super Retina XDR Display,12,12 ,0,59999,0
REDMI,Note,Frosted Green,281,4,3325,4,128,1024,16.94,Full HD+ AMOLED Display,48,13 ,5000,16999,0
GFive,A2,0,651,3.5,7283,0.03125,0.03125,16,4.57,Display,3,0,1000,745,0
MOTOROLA,Edge,Interstellar Black,150,4.3,969,12,256,0,16.94,Full HD+ Display,200,60 ,4610,49999,0
I,Kall,Blue,219,4.3,3837,4,64,128,15.9,Display,13,8 ,4000,5999,0
vivo,Y16,Steller Black,79,4.2,1365,4,128,1024,16.54,HD+ Display,13,5 ,5000,12499,0
realme,Narzo,Prime Blue,125,4,1358,4,64,0,17.07,Display,64,0,5000,11248,0
itel,it5026,0,125,4,1358,0.00390625,0.00390625,0,6.1,Display,2,0,1200,1298,0
itel,it5026,0,185,4.4,1424,0.00390625,0.00390625,0,6.1,Display,2,0,1200,1298,0
REDMI,12C,Mint Green,98,4.2,1774,4,64,0,17.04,Display,50,0,5000,8754,0
REDMI,Note,Obsidian Black,1488,4.2,14255,8,256,0,16.94,Full HD+ AMOLED Display,200,16 ,4980,29999,0
Jmax,J06,0,6,3.7,92,0.03125,0.03125,0,4.57,Display,3,0,1100,699,0
Kechaoda,K115,0,2344,4.1,31534,0.03125,0.03125,0,3.66,QVGA Display,3,0,850,1110,0
SAMSUNG,Galaxy,ICY Silver,51,4.2,600,4,128,0,16.76,Display,50,0,6000,14539,0
MOTOROLA,Edge,Starlight White,150,4.3,969,12,256,0,16.94,Full HD+ Display,200,60 ,4610,49999,0
KARBONN,K9,0,63,3.9,924,0.0625,0,0,4.57,QVGA Display,2,0,2502,1294,0
vivo,Y16,Steller Black,150,4.2,2800,3,64,1024,16.54,HD+ Display,13,5 ,5000,10999,0
REDMI,10,Pacific Blue,14915,4.3,245643,4,64,1024,17.02,HD+ Display,50,5 ,6000,9999,0
itel,it5026,0,125,4,1358,0.00390625,0.00390625,0,6.1,Display,2,0,1200,1298,0
I,Kall,Blue,12335,4.7,249272,4,64,128,15.9,Display,13,8 ,4000,5999,0
APPLE,iPhone,Pink,5201,4.2,56007,0,128,0,15.49,Super Retina XDR Display,12,12 ,0,59999,0
Nokia,TA-1174,0,29,3.8,384,0.00390625,0.00390625,0,4.57,Display,0,0,0,1399,0
Nokia,105,0,185,4.4,1424,0.00390625,0.00390625,0,4.57,Display,0,0,0,1471,0
realme,GT,Paper White,33,3.6,466,12,256,0,16.81,Full HD+ AMOLED Display,50,16 ,5000,28999,0
Jmax,J30,0,31,4.3,335,0.03125,0.03125,0,4.57,Display,2,0,1050,699,0
POCO,M6,Power Black,19013,4.3,208497,6,128,1024,17.25,Full HD+ Display,50,8 ,5000,12999,0
SAMSUNG,Guru,0,509,4.1,6441,0,0,0,5.08,NA Display,0,0,0,1850,0
itel,It2171,0,509,4.1,6441,0.03125,0.03125,32,4.57,Quarter QVGA Display,3,0,1000,999,0
itel,It2171,0,174,4.2,2478,0.03125,0.03125,32,4.57,Quarter QVGA Display,3,0,1000,999,0
REDMI,Note,Horizon Blue,125,4,1358,6,128,0,16.33,Display,50,0,5000,13879,0
itel,it5026,0,6,3.7,92,0.00390625,0.00390625,0,6.1,Display,2,0,1200,1298,0
Jmax,J06,0,442,4,3512,0.03125,0.03125,0,4.57,Display,3,0,1100,699,0
POCO,M6,Power Black,31,4.3,335,6,128,1024,17.25,Full HD+ Display,50,8 ,5000,12999,0
realme,10,Hyperspace,1794,4.4,21145,8,128,0,17.02,Full HD+ Display,108,16 ,5000,23999,0
realme,10,Nebula Blue,1794,4.4,21145,8,128,0,17.02,Full HD+ Display,108,16 ,5000,23999,0
Micromax,X412,0,1439,3.9,17516,0.03125,0.03125,0,4.5,Display,0,0,0,999,0
KARBONN,K9,0,63,3.9,924,0.0625,0,0,4.57,QVGA Display,2,0,2502,1294,0
A10E,0,0,120,4.1,1624,0.00390625,0.03125,64,4.57,Display,0,0,0,1419,0
realme,9i,Soulful Blue,2552,4.5,51675,4,64,1024,16.76,Full HD+ Display,50,8 ,5000,14999,0
Infinix,Zero,Pearly White,442,4,3512,8,256,256,17.22,Full HD+ Display,50,16 ,5000,16999,0
Infinix,Note,Magic Black,185,4.1,1611,4,128,2048,17.22,Full HD+ Display,0,16 ,5000,14999,0
vivo,V27,Noble Black,2227,4.4,19969,8,128,0,17.22,Full HD+ AMOLED Display,50,50 ,4600,32999,0
KARBONN,K110i,0,27,3.6,300,0,0.0,8,4.57,QVGA Display,0,0,0,941,0
Nokia,130,0,15,3.6,176,0.00390625,0.00390625,0,6.1,Display,0,0,0,2099,0
GREENBERRY,M3,0,19013,4.3,208497,0.25,0.25,0,3.66,NA Display,2,0,1150,2999,0
SAMSUNG,Guru,0,1450,4.2,15412,0,0,0,5.08,NA Display,0,0,0,1850,0
REDMI,Note,Stardust Purple,2344,4.1,31534,8,128,0,16.94,Full HD+ AMOLED Display,50,16 ,5000,24999,0
Kechaoda,K115,0,2344,4.1,31534,0.03125,0.03125,0,3.66,QVGA Display,3,0,850,1088,0
Kechaoda,K115,0,15,4.0,289,0.03125,0.03125,0,3.66,QVGA Display,3,0,850,1110,0
itel,it2163s,0,284,4,3630,0.03125,0.03125,0,4.57,Display,3,0,1200,1039,0
Micromax,X413,0,2,4.1,21,0.03125,0.03125,0,4.5,Display,3,0,800,997,0
SAMSUNG,Galaxy,Electric Black,33,3.6,466,8,128,1024,16.51,Full HD+ Display,50,13 ,6000,20999,0
Jmax,J30,0,1997,4.0,25611,0.03125,0.03125,0,4.57,Display,2,0,1050,699,0
Nokia,110,0,185,4.4,1424,0.00390625,0.00390625,0.03125,4.5,QVGA Display,1,0,800,1888,0
realme,GT,Paper Green,1786,4.3,16270,12,256,0,16.81,Full HD+ AMOLED Display,50,16 ,5000,28999,0
Infinix,Zero,Coral Orange,442,4,3512,8,256,256,17.22,Full HD+ Display,50,16 ,5000,16999,0
realme,GT,Paper Green,185,4.4,1424,12,256,0,16.81,Full HD+ AMOLED Display,50,16 ,5000,28999,0
REDMI,Note,Stardust Purple,1450,4.2,15412,8,128,0,16.94,Full HD+ AMOLED Display,50,16 ,5000,24999,0
realme,GT,Paper Green,1786,4.3,16270,8,128,0,16.81,Full HD+ AMOLED Display,50,16 ,5000,24999,0
realme,9i,Soulful Blue,2552,4.5,51675,4,64,1024,16.76,Full HD+ Display,50,8 ,5000,14999,0
Tecno,Spark,Meta Blue,5,4.0,166,8,128,1024,16.76,HD+ Display,16,8 ,5000,9899,0
Nokia,150,0,1850,4.1,24632,0.00390625,0.00390625,32,6.1,Display,3,0,1020,2998,0
Energizer,Hardcase,0,239,3.8,2124,0.03125,0.03125,8,6.1,Display,3,0,1500,1199,0
SAMSUNG,Galaxy,Electric Black,2,4.1,21,8,128,1024,16.51,Full HD+ Display,50,13 ,6000,20999,0
SAMSUNG,Galaxy,Mystic Green,2,4.1,21,8,128,1024,16.51,Full HD+ Display,50,13 ,6000,20999,0
DIZO,Star,0,1238,3.9,10735,0.03125,0.03125,64,4.5,Quarter QVGA Display,3,0,2550,1299,0
realme,GT,NEO Black,643,4.4,4586,12,256,0,16.81,Full HD+ Display,64,16 ,5000,25999,0
LAVA,A1,0,212,4.1,2353,0,0.0,32,4.5,Display,3,0,800,1149,0
itel,it2163s,0,15,4.0,289,0.03125,0.03125,0,4.57,Display,3,0,1200,1039,0
REDMI,12,Moonstone Silver,134,4.2,2124,6,128,0,17.25,Display,50,0,5000,17999,0
REDMI,12,Jade Black,859,4.2,11408,6,128,0,17.25,Full HD Display,50,0,5000,17999,0
SAMSUNG,Galaxy,Cloud Navy,1637,4.2,11446,8,128,0,16.51,Display,12,32 ,4500,26770,0
SAMSUNG,Galaxy,GOAT Green,403,4.5,5119,4,128,1024,16.76,Full HD+ Display,50,13 ,6000,13990,0
Infinix,Note,Magic Black,403,4.5,5119,8,256,2048,17.22,Full HD+ Display,0,16 ,5000,15999,0
OnePlus,11R,Galactic Silver,185,4.1,1611,16,256,0,17.02,Display,50,16 ,5000,43500,0
OnePlus,11R,Sonic Black,1439,3.9,17516,16,256,0,17.02,Display,50,0,5000,43290,0
REDMI,12,Jade Black,63,3.9,924,4,128,0,17.25,Full HD Display,50,0,5000,15999,0
KARBONN,K9,0,52,4.3,920,0.0625,0,0,4.57,QVGA Display,2,0,2502,1299,0
realme,Narzo,Feather Gold,682,4.3,10133,4,64,0,17.12,Display,50,0,5000,10480,0
realme,9i,Soulful Blue,572,4,8047,6,128,1024,16.76,Full HD+ Display,50,8 ,5000,16999,0
Kechaoda,A27,0,1997,4.0,25611,0.03125,0.03125,16,1.68,Display,0,0,0,998,0
Nokia,110,0,30,4.1,659,0.00390625,0.00390625,0.03125,4.5,QVGA Display,1,0,800,1888,0
realme,Narzo,Mint Green,1335,3.9,18427,4,64,0,16.51,Display,8,5 ,5000,8680,0
Kechaoda,K66,0,54,4.0,675,0.03125,0.0625,0,4.57,Quarter QVGA Display,3,0,400,1290,0
itel,MagicX,0,2227,4.4,19969,0.046875,0.125,0,6.1,Display,3,0,1200,2162,0
vivo,V27,Magic Blue,843,4.3,5838,8,128,0,17.22,Full HD+ AMOLED Display,50,50 ,4600,32999,0
POCO,F5,Snowstorm White,640,4.1,7443,8,256,0,16.94,Full HD+ Display,64,16 ,5000,27999,0
Infinix,Hot,Racing Black,90,4.1,1139,6,128,1024,16.76,Full HD+ Display,50,8 ,5000,13499,0
REDMI,Note,Sunrise Gold,643,4.4,4586,8,256,1024,16.94,Full HD+ AMOLED Display,48,13 ,5000,20999,0
realme,GT,NEO Blue,34,4.4,602,12,256,0,16.81,Full HD+ Display,64,16 ,5000,25999,0
IQOO,Z7s,?Pacific Night,417,4,5198,6,128,0,16.21,Display,64,0,4500,19169,0
LAVA,A1,0,2492,4.4,18363,0.03125,0.0234375,32,4.5,Display,3,0,800,1129,0
realme,GT,NEO Blue,544,4.5,6055,8,128,0,16.81,Full HD+ Display,64,16 ,5000,21999,0
OnePlus,11R,Sonic Black,544,4.5,6055,8,128,0,17.02,Display,50,0,5000,39800,0
OnePlus,11R,Sonic Black,544,4.5,6055,8,128,0,17.02,Display,50,0,5000,38998,0
OnePlus,11R,Sonic Black,92,4.2,1013,8,128,0,17.02,Display,50,16 ,5000,38595,0
REDMI,12,Moonstone Silver,251,3.4,3599,6,128,1024,17.25,Full HD+ Display,50,8 ,5000,11499,0
Snexian,GURU,0,1617,3.6,18357,0.03125,0.03125,16,4.57,Quarter QVGA Display,3,0,800,670,0
I,Kall,0,173,4.1,2285,0.03125,0.03125,0,4.57,Display,3,0,1500,774,0
OPPO,F21s,Dawnlight Gold,54,4.2,774,8,128,0,16.33,Full HD+ Display,64,32 ,4500,21999,0
REDMI,Note,Sunrise Gold,948,4.1,11169,6,128,1024,16.94,Full HD+ Super AMOLED Display,50,13 ,5000,15999,0
LAVA,A1,0,709,4.1,8754,0,0.0,32,4.5,Quarter QVGA Display,0,0,0,1099,0
I,Kall,0,1617,3.6,18357,0.03125,0.0625,0,4.57,Display,3,0,1500,774,0
LAVA,Spark,0,820,4.1,7275,0.03125,0.03125,32,7.11,QVGA Display,3,0,1200,1899,0
LAVA,Spark,0,820,4.1,7275,0.03125,0.03125,32,7.11,Display,3,0,1200,1899,0
Kechaoda,K66,0,1335,3.9,18427,0.03125,0.0625,32,4.57,Display,3,0,400,1399,0
Kechaoda,K115,0,2344,4.1,31534,0.03125,0.03125,0,3.66,QVGA Display,3,0,850,1109,0
DIZO,Star,0,1238,3.9,10735,0.03125,0.03125,64,4.5,Quarter QVGA Display,3,0,2550,1343,0
Snexian,Rock,0,773,4.0,12358,0.03125,0.03125,0,4.32,Display,3,0,800,1499,0
Snexian,Rock,0,773,4.0,12358,0.03125,0.03125,0,4.32,Display,3,0,800,1499,0
OnePlus,Nord,Grey Shimmer,103,4.4,2030,12,256,0,17.02,Display,50,0,5000,28946,0
OPPO,A78,Glowing Black,1794,4.4,21145,8,128,0,16.66,Display,13,8 ,5000,18060,0
realme,10,Dark Matter,848,4.6,14064,8,128,0,17.02,Full HD+ Display,108,16 ,5000,23999,0
OnePlus,Nord,Grey Shimmer,2511,4.4,28870,8,128,0,17.02,Display,50,0,5000,26898,0
OnePlus,Nord,?Aqua Surge,2511,4.4,28870,8,128,0,17.02,Display,50,0,5000,26902,0
APPLE,iPhone,Midnight,2511,4.4,28870,0,128,0,17.02,Super Retina XDR Display,12,12 ,0,77999,0
realme,10,Nebula Blue,37,3.8,625,6,128,0,17.02,Full HD+ Display,108,16 ,5000,22999,0
realme,10,Hyperspace,42,3.5,944,6,128,0,17.02,Full HD+ Display,108,16 ,5000,22999,0
realme,10,Dark Matter,42,3.5,944,6,128,0,17.02,Full HD+ Display,108,16 ,5000,22999,0
Micromax,S115,0,42,3.5,944,0.03125,0.03125,0,4.5,Display,0,0,0,936,0
realme,9i,Rocking Black,2623,4.5,51675,4,64,1024,16.76,Full HD+ Display,50,8 ,5000,14999,0
itel,iPower,0,4,3.9,96,0.0078125,0.0078125,0,6.1,Display,3,0,2500,1561,0
MOTOROLA,g72,Polar Blue,2466,4.1,18634,6,128,1024,16.64,Full HD+ Display,108,16 ,5000,14999,0
Snexian,GURU,0,253,3.4,3599,0.03125,0.03125,16,4.57,Quarter QVGA Display,3,0,800,799,0
OnePlus,10R,Forest Green,219,4.3,3194,8,128,0,17.02,Display,50,16 ,5000,29945,0
I,Kall,0,7368,3.6,63863,0.03125,0.0302734375,0,4.5,Display,3,0,1000,744,0
LAVA,A1,0,11555,4.2,110158,0.0234375,0.0234375,32,4.5,Quarter QVGA Display,3,0,800,1220,0
itel,Power110Neo|,0,1,4.7,6,0.03125,0.03125,0,4.57,Display,3,0,2500,1349,0
Nokia,130,0,268,4.2,4653,0.00390625,0.00390625,0,6.1,Display,0,0,0,2099,0
REDMI,10,Power Black,4,4.0,42,8,128,0,17.02,Display,50,5 ,6000,12489,0
a,10e,0,298,4.1,4719,0,0.0,32,4.57,Quarter QVGA Display,0,0,0,1319,0
SAMSUNG,Galaxy,Light Green,7,3.8,65,4,128,0,16.51,HD+ Display,0,0,5000,9599,0
itel,it5029,0,7368,3.6,63863,0.03125,0.03125,0,6.1,Display,3,0,1200,1340,0
I,Kall,0,262,4.2,3684,0.03125,0.03125,0,4.5,Display,3,0,1000,744,0
SAMSUNG,Galaxy,Emerald Brown,27,3.6,300,8,128,0,16.76,Display,50,0,6000,17407,0
KARBONN,K110i,0,47,4.2,703,0,0.0,8,4.57,QVGA Display,0,0,0,941,0
Tecno,Pop,Ice Blue,39,4.1,479,3,32,256,16.56,HD+ Display,8,5 ,6000,6960,0
Tecno,Spark,Endless Black,105,3.7,1349,3,3,0,16.66,Display,13,0,5000,6899,0
GFive,V8,0,1226,4.1,13248,0.03125,0.03125,0,4.57,Display,3,0,1000,699,0
LAVA,A5,0,19,3.4,254,0.03125,0.0234375,32,6.1,QVGA Display,3,0,1000,1549,0
Snexian,ROCK,0,17,3.8,251,0.03125,0.03125,0,4.5,NA Display,3,0,1000,699,0
KARBONN,Y1,0,15,4.0,289,0.03125,0.03125,32,4.57,Quarter QVGA Display,3,0,800,998,0
itel,it2163s,0,30,4.5,251,0.03125,0.03125,0,4.57,Display,3,0,1200,999,0
Nothing,Phone,1) ,800,4.3,7288,12,256,0,16.64,Full HD+ Display,50,16 ,4500,35999,0
REDMI,A2,Classic Black,18,4.1,227,2,32,0,16.56,HD+ Display,8,0,5000,6799,0
vivo,Y16,Steller Black,219,4.3,3837,4,64,0,16.54,Display,13,0,5000,12370,0
Nokia,110,0,1997,4.0,25611,0.00390625,0.00390625,0.03125,4.5,QVGA Display,1,0,800,1699,0
Good,One,0,241,3.8,1342,0.03125,0.03125,32,4.57,Display,2,0,2500,1099,0
Lvix,L1,0,19,3.5,230,0.015625,0.03125,0,4.5,Display,3,0,1000,620,0
GFive,C3,0,37,3.7,604,0.03125,0.03125,16,4.57,Display,3,0,800,999,0
LAVA,A7,0,25,4.0,299,0.0234375,0.03125,32,6.1,Quarter QVGA Display,3,0 ,1800,1499,0
Tecno,Spark,UYUNI BLUE,4,4.2,169,4,64,0,16.66,Display,13,0,5000,8109,0
Infinix,Hot,Blaster Green,640,4.1,7443,6,128,1024,16.76,Full HD+ Display,50,8 ,5000,13499,0
Infinix,Hot,Space Blue,640,4.1,7443,6,128,1024,16.76,Full HD+ Display,50,8 ,5000,13499,0
Kechaoda,K60,0,134,4.1,1424,0.03125,0.03125,16,6.1,QVGA Display,3,0.3 ,3600,1775,0
Tecno,Camon,Predawn Black,19,4.3,192,8,256,1024,16.94,Full HD+ Display,64,32 ,5000,14889,0
REDMI,Note,Glacier Blue,1450,4.2,15412,8,128,0,16.94,Full HD+ AMOLED Display,50,16 ,5000,24999,0
itel,it5029,0,6,3.8,65,0.03125,0.03125,0,6.1,Display,3,0,1200,1340,0
itel,it5029,0,6,3.8,65,0.03125,0.03125,0,6.1,Display,3,0,1200,1340,0
MOTOROLA,G32,Satin Maroon,3656,4.1,42361,8,128,0,16.51,Full HD+ Display,50,16 ,5000,11999,0
Nokia,125,0,233,4,3575,0.00390625,0.00390625,0,6.1,Display,0,0,0,2199,0
KARBONN,K140,0,466,3.9,5461,0.03125,0.03125,16,4.57,Display,3,0,1000,999,0
OPPO,A58,Dazzling Green,42,3.5,944,6,128,1024,17.07,Full HD+ Display,50,8 ,5000,14999,0
OPPO,A58,Glowing Black,385,4.4,9059,6,128,1024,17.07,Full HD+ Display,50,8 ,5000,14999,0
Cellecor,X3,0,182,4.5,6940,0.03125,0.03125,32,4.57,Display,3,0,1000,1105,0
Nokia,125,0,233,4,3575,0.00390625,0.00390625,0,6.1,Display,0,0,0,2199,0
Snexian,GURU,0,1684,3.3,21177,0.03125,0.03125,0,4.57,NA Display,3,0,800,579,0
KARBONN,Y1,0,17,3.8,251,0.03125,0.03125,32,4.57,Quarter QVGA Display,3,0,800,998,0
APPLE,iPhone,Blue,12335,4.7,249272,0,128,0,15.49,Super Retina XDR Display,12,12 ,0,59999,0
LAVA,A5,0,1225,4.1,13248,0.03125,0.0234375,32,6.1,QVGA Display,3,0,1000,1640,0
REDMI,10,Sporty Orange,258,4.2,4653,8,128,0,17.02,Display,50,0,6000,13980,0
I,Kall,Electric Purple,3,3.7,90,6,128,512,17.27,HD+ Display,13,8 ,6000,9999,0
KARBONN,K9,0,63,3.9,924,0.0625,0,0,4.57,QVGA Display,2,0,2502,1299,0
Micromax,X702,0,24,3.6,445,0.03125,0.03125,0,6.1,Display,3,0,1000,1124,0
OPPO,Reno10,Glossy Purple,494,4.3,3485,12,256,0,17.02,Full HD+ Display,50,32 ,4600,39999,0
OPPO,Reno10,Silvery Grey,494,4.3,3485,12,256,0,17.02,Full HD+ Display,50,32 ,4600,39999,0
realme,9i,Rocking Black,682,4.3,10133,6,128,1024,16.76,Full HD+ Display,50,8 ,5000,16999,0
itel,Ace2,0,0,3.8,16,0.03125,0.03125,0,4.57,Display,0,0,0,915,0
LAVA,A1,0,417,4,5198,0.03125,0.0234375,32,4.5,Display,3,0,800,1129,0
Nokia,G11,Blue,582,4,9007,4,64,0,16.55,Display,50,0,5000,8989,0
Kechaoda,K33,0,55,4.0,744,0.03125,0.03125,0,3.56,Display,3,0,800,1150,0
itel,It2175,0,1794,4.4,21145,0.00390625,0.00390625,32,4.57,Quarter QVGA Display,3,0,1200,1232,0
realme,10,Dark Matter,42,3.5,944,8,256,0,17.02,Full HD+ Display,108,16 ,5000,27999,0
Cellecor,X3,0,236,4.2,4017,0.03125,0.03125,32,4.57,Display,3,0,1000,1105,0
SAMSUNG,GALAXY,Stardust Brown,6,3.8,65,4,64,0,16.76,Display,50,0,6000,10945,0
itel,it5029,0,258,4.2,4653,0.03125,0.03125,0,6.1,Display,3,0,1200,1340,0
REDMI,10,Power Black,1794,4.4,21145,8,128,0,17.02,Display,50,5 ,6000,12489,0
realme,10,Nebula Blue,1794,4.4,21145,8,256,0,17.02,Full HD+ Display,108,16 ,5000,27999,0
REDMI,Note,Polar White,301,4.1,3968,6,64,0,16.33,Display,108,0,5000,13680,0
realme,10,Nebula Blue,1794,4.4,21145,8,256,0,17.02,Full HD+ Display,108,16 ,5000,27999,0
KARBONN,K310i,0,30,3.6,382,0.009765625,0.009765625,0,4.57,NA Display,0,0,0,959,0
realme,10,Hyperspace,1794,4.4,21145,8,256,0,17.02,Full HD+ Display,108,16 ,5000,27999,0
realme,10,Dark Matter,1794,4.4,21145,8,256,0,17.02,Full HD+ Display,108,16 ,5000,27999,0
vivo,Y16,Drizzling Gold,219,4.3,3837,4,128,1024,16.54,HD+ Display,13,5 ,5000,12499,0
OPPO,A17,Sunlight Orange,385,4.4,9059,4,64,2048,16.66,HD+ Display,50,5 ,5000,12499,0
OPPO,Reno10,Glossy Purple,494,4.3,3485,12,256,0,17.02,Full HD+ Display,50,32 ,4600,39999,0
OPPO,Reno10,Silvery Grey,494,4.3,3485,12,256,0,17.02,Full HD+ Display,50,32 ,4600,39999,0
Nokia,110,2023),0,4.1,18,0.00390625,0.00390625,0,4.57,Display,2,0,1000,1929,0
KARBONN,Y1,0,17,3.8,251,0.03125,0.03125,32,4.57,Quarter QVGA Display,3,0,800,998,0
SAMSUNG,GALAXY,Midnight Blue,59,4.2,1125,6,128,0,16.76,Display,50,0,6000,12898,0
itel,MagicX,0,54,4.0,675,0.046875,0.125,0,6.1,Display,3,0,1200,2163,0
Tecno,Pop,Endless Black,47,3.8,656,64,3,0,16.66,Display,50,0,5000,7283,0
Kechaoda,A20,0,47,3.8,656,0.5,0.03125,0,4.57,QVGA Display,3,0,1000,999,0
Kechaoda,A20,0,23,4.1,476,0.5,0.03125,0,4.57,QVGA Display,3,0,1000,999,0
Tecno,Pova,Tech Silver,5,4.0,45,6,128,512,17.53,Full HD+ Display,50,8 ,7000,13999,0
itel,P40,Luxurious Gold,176,4,1834,3,32,0,16.76,Display,13,0,6000,6799,0
itel,IT5626,0,237,4.3,4914,0.0078125,0.0078125,32,7.11,QVGA Display,3,0,2500,1789,0
REDMI,11,Playful Green,608,4.2,5503,4,64,512,16.71,Full HD+ Display,50,8 ,5000,8999,0
REDMI,Note,Arctic White,1335,3.9,18427,12,256,0,16.94,Full HD+ AMOLED Display,200,16 ,4980,32999,0
Kechaoda,K66,0,104,4.2,1675,0.03125,0.0625,0,3.66,Display,3,0,400,1299,0
vivo,Y56,Black Engine,773,4.0,12358,8,128,0,16.71,Full HD+ Display,50,16 ,5000,18999,0
vivo,Y56,Black Engine,108,4.2,1675,8,128,0,16.71,Full HD+ Display,50,16 ,5000,18999,0
SAMSUNG,Galaxy,Cloud Lavender,142,4.2,2124,8,128,0,16.51,Display,32,0,4500,27990,0
Kechaoda,K10,0,943,3.9,14674,0.03125,0.03125,0,1.68,NA Display,0,0,0,1090,0
REDMI,Note,Iceberg Blue,634,4.2,5503,12,256,0,16.94,Full HD+ AMOLED Display,200,16 ,4980,32999,0
Snexian,ROCK,0,19,3.4,254,0.03125,0.03125,0,4.5,NA Display,3,0,1000,699,0
vivo,Y16,Drizzling Gold,154,4.2,2800,3,64,1024,16.54,HD+ Display,13,5 ,5000,10999,0
KARBONN,K110i,0,27,3.6,300,0,0.0,8,4.57,QVGA Display,0,0,0,997,0
REDMI,11,Playful Green,246,4.3,4914,4,64,512,16.71,Full HD+ Display,50,8 ,5000,8999,0
APPLE,iPhone,Blue,879,4.6,14064,0,128,0,17.02,Super Retina XDR Display,12,12 ,0,77999,0
SAMSUNG,Galaxy,Light Green,298,4.1,4719,4,128,0,16.51,HD+ Display,0,0,5000,9900,0
itel,Muzik,0,45,4.1,461,0.00390625,0.00390625,32,4.57,Display,3,0,1900,1279,0
Kechaoda,K60,0,134,4.1,1424,0.03125,0.03125,16,6.1,QVGA Display,3,0.3 ,3600,1789,0
vivo,Y56,Black Engine,4,4.2,130,4,128,0,16.71,Full HD+ Display,50,16 ,5000,17999,0
REDMI,Note,Arctic White,634,4.2,5503,12,256,0,16.94,Full HD+ AMOLED Display,200,16 ,4980,32999,0
Cellecor,E8,0,18,3.6,314,0.03125,0.03125,0,6.1,Display,8,0,2750,1322,0
LAVA,LF9000,0,8,4.2,152,0.01953125,0.01953125,0,7.11,Display,0,0,0,1689,0
Nokia,150,0,988,4.1,13950,0.00390625,0.00390625,32,6.1,Display,3,0,1020,2650,0
vivo,Y56,Orange Shimmer,4,4.2,130,4,128,0,16.71,Full HD+ Display,50,16 ,5000,17999,0
KARBONN,KX3S,0,7,3.7,98,0.03125,0.03125,16,4.57,FWVGA+ Display,0,0.03 ,1000,1070,0
LAVA,A7,0,25,4.0,299,0.0234375,0.03125,32,6.1,Quarter QVGA Display,3,0 ,1800,1499,0
vivo,Y100,Twilight Gold,147,4.3,1959,8,128,0,16.21,Full HD+ AMOLED Display,64,16 ,4500,23999,0
Tecno,Spark,Meta Blue,3,4.5,59,8,128,1024,16.76,HD+ Display,50,8 ,5000,11098,0
Tecno,Spark,Sky Mirror,63,4,1054,6,128,128,16.76,HD+ Display,13,8 ,5000,10995,0
KARBONN,KX,0,66,3.8,683,0.03125,0.03125,32,6.1,Display,3,0,3000,1499,0
Mi,10i,Pacific Sunrise,113,4.3,1638,8,128,0,16.94,Full HD+ Display,108,16 ,4820,21990,0
vivo,Y56,Black Engine,4,4.2,130,4,128,0,16.71,Full HD+ Display,50,16 ,5000,17999,0
REDMI,Note,Iceberg Blue,608,4.2,5503,12,256,0,16.94,Full HD+ AMOLED Display,200,16 ,4980,32999,0
OnePlus,NORD,Blue Tide,0,4.3,38,6,128,0,16.74,Display,64,0,5000,17956,0
SAMSUNG,GALAXY,?Stardust Brown,93,4.2,1429,6,128,0,16.51,Display,50,0,5000,14188,0
itel,Ace2,0,0,3.8,16,0.03125,0.03125,0,4.57,Display,0,0,0,915,0
Cellecor,E8,0,18,3.6,314,0.03125,0.03125,0,6.1,Display,8,0,2750,1299,0
MarQ,by,0,539,3.9,4460,0.03125,0.03125,32,6.1,QVGA Display,3,0,3000,1599,0
MarQ,by,0,539,3.9,4460,0.03125,0.03125,32,6.1,QVGA Display,3,0,3000,1599,0
LAVA,34,0,198,4.1,1943,0.0234375,0.03125,64,6.1,Display,8,0,2575,1779,0
LAVA,Flip,0,173,4.1,2285,0.0546875,0.0546875,0,6.1,Display,08,0,1200,1990,0
Kechaoda,K28,0,268,4.1,3241,0.03125,0.0625,16,6.1,QVGA Display,3,0,1700,1255,0
Nokia,150,0,981,4.1,13950,0.00390625,0.00390625,32,6.1,Display,3,0,1020,2650,0
Lvix,L1,0,4,3.6,48,0.015625,0.03125,0,4.5,Display,3,0,1000,620,0
Kechaoda,A27,0,572,4,8047,0.03125,0.03125,16,1.68,Display,0,0,0,1080,0
Tecno,Pop,?Endless Black,2,4.2,101,3,64,0,16.66,Display,12,0,5000,7599,0
LAVA,LF9000,0,8,4.2,152,0.01953125,0.01953125,0,7.11,Quarter QVGA Display,0,0,0,1689,0
Tecno,Pop,?Endless Black,4,4.0,117,2,64,0,16.66,Display,12,0,5000,6799,0
LAVA,A7,0,25,4.0,299,0.0234375,0.03125,32,6.1,Quarter QVGA Display,3,0 ,1800,1449,0
POCO,M4,Yellow,3301,4.2,46300,6,128,512,16.71,Full HD+ Display,50,8 ,5000,14999,0
Nothing,Phone,2) ,396,4.4,2364,12,512,0,17.02,Full HD+ Display,50,32 ,4700,54999,0
Infinix,Note,Force Black,1266,4.2,13558,6,128,512,17.02,Full HD+ AMOLED Display,50,16 ,5000,12999,0
KARBONN,KX3,0,143,4,2141,0.0302734375,0.03125,0,4.57,Display,3,0,800,989,0
Infinix,Note,Jewel Blue,1266,4.2,13558,6,128,512,17.02,Full HD+ AMOLED Display,50,16 ,5000,12999,0
Cellecor,D10,0,18,4.1,227,0.03125,0.03125,0,7.11,Display,8,0,2750,1499,0
Cellecor,D10,0,173,4.1,2285,0.03125,0.03125,0,7.11,Display,8,0,2750,1499,0
itel,A60S,GLACIER GREEN,1617,3.6,18357,8,128,0,16.76,Display,8,0,5000,7099,0
REDMI,A2,Sea Green,938,3.9,14674,2,64,0,16.56,Display,8,0,5000,6858,0
LAVA,Flip,0,843,4.3,5838,0.0546875,0.0546875,0,6.1,Display,08,0,1200,1990,0
I,Kall,0,18,4.1,227,0.03125,0.03125,0,4.57,Display,3,0,1000,737,0
Kechaoda,K10,0,0,0,,0.03125,0.03125,0,1.68,NA Display,0,0,0,1129,0
POCO,F5,Carbon Black,113,4.3,1638,8,256,0,16.94,Full HD+ Display,64,16 ,5000,27999,0
REDMI,A2,Aqua Blue,232,4.3,3034,2,64,0,16.56,Display,8,0,5000,6698,0
REDMI,Note,Stardust Purple,582,4,9007,12,256,0,16.94,Full HD+ AMOLED Display,50,16 ,5000,28999,0
Mi,10i,Pacific Sunrise,325,3.9,3466,8,128,0,16.94,Full HD+ Display,108,16 ,4820,21990,0
Mi,10i,Midnight Black,1028,4.2,9973,6,128,0,16.94,Full HD+ Display,108,16 ,4820,18990,0
Kechaoda,K33,0,2,4.2,101,0.03125,0.03125,0,3.56,Display,3,0,800,1129,0
Nokia,110,0,719,4.4,20500,0.125,0.046875,0,4.57,Display,8,0,1020,2799,0
MOTOROLA,g42,Atlantic Green,268,4.1,3241,4,64,0,16.26,Full HD+ AMOLED Display,50,16 ,5000,12499,0
Tecno,Pop,?Uyuni Blue,15,4.1,202,3,64,0,16.66,Display,12,0,5000,7999,0
realme,C33,Sandy Gold,208,3.9,2663,4,128,1024,16.51,HD+ Display,50,5 ,5000,10499,0
Kechaoda,K28,0,3456,4.2,45473,0.03125,0.0625,16,6.1,QVGA Display,3,0,1700,1250,0
itel,A60,DawnBlue,54,3.9,717,2,32,0,16.76,HD Display,8,0,5000,5978,0
Nokia,6310,0,128,4.2,1940,0.0078125,0.015625,0,7.11,QVGA Display,3,0,1150,3499,0
SAMSUNG,Galaxy,Forest Green,274,4.2,2605,4,128,1024,16.76,Full HD+ Display,50,8 ,5000,15999,0
Infinix,HOT,Knight Black,274,4.2,2605,8,128,1024,17.22,Full HD+ Display,0,8 ,6000,13499,0
REDMI,10,Midnight Black,14915,4.3,245643,4,64,0,17.02,Display,50,0,6000,10490,0
realme,C33,Aqua Blue,719,4.4,20500,4,128,1024,16.51,HD+ Display,50,5 ,5000,10499,0
Tecno,Pop,?Uyuni Blue,4,4.0,117,2,64,0,16.66,Display,12,0,5000,6629,0
Snexian,GURU,0,251,3.4,3599,0.03125,0.03125,16,4.57,Quarter QVGA Display,3,0,800,670,0
MarQ,by,0,539,3.9,4460,0.03125,0.03125,32,6.1,QVGA Display,3,0,3000,1599,0
POCO,F5,Electric Blue,154,4.3,1125,12,256,0,16.94,Full HD+ Display,64,16 ,5000,30999,0
Nokia,110,0,15,4.1,266,0.00390625,0.00390625,0,4.5,Display,1,0,1000,2099,0
itel,A60,VertMenthe,15,4.1,202,2,32,0,16.76,HD Display,8,0,5000,5978,0
Micromax,X415,0,80,3.8,1015,0.03125,0.03125,0,4.5,Display,03,0,1000,1068,0
Tecno,Pop,uyuni blue,2,4.2,101,3,64,0,16.66,Display,50,0,5000,7470,0
Snexian,GURU,0,16,3.3,226,0.03125,0.03125,0,4.5,Display,1,0,850,699,0
Infinix,Zero,DEEP GRAY,548,4.2,4556,8,128,2048,17.02,Full HD+ Display,108,60,4500,15499,0
IQOO,Neo,Interstellar Black,29,4.4,350,12,256,0,17.22,Display,64,0,5000,33565,0
IQOO,Neo,Frost Blue,29,4.4,350,12,256,0,17.22,Display,64,0,5000,33738,0
Infinix,Zero,Green Fantasy,548,4.2,4556,8,128,2048,17.02,Full HD+ Display,108,60,4500,15499,0
Tecno,Spark,Orange,4,4.2,169,4,64,0,16.66,Display,13,0,5000,7957,0
Kechaoda,K28,0,268,4.1,3241,0.03125,0.0625,16,6.1,QVGA Display,3,0,1700,1299,0
Kechaoda,K28,0,268,4.1,3241,0.03125,0.0625,16,6.1,QVGA Display,3,0,1700,1270,0
Micromax,X809,0,491,3.7,5646,0.03125,0.03125,0,7.11,Display,1,0,1000,1399,0
MarQ,by,0,539,3.9,4460,0.03125,0.03125,32,6.1,QVGA Display,3,0,3000,1599,0
I,Kall,0,7361,3.6,63863,0.03125,0.0302734375,0,4.5,Display,3,0,1000,744,0
OPPO,A78,Glowing Blue,103,4.4,2030,8,128,0,16.66,Display,13,8 ,5000,17847,0
Tecno,Spark,UYUNI BLUE,37,4.1,479,3,3,0,16.66,Display,13,0,5000,6633,0
I,Kall,0,7361,3.6,63863,0.03125,0.0625,8,4.57,Display,3,0,1000,744,0
SAREGAMA,Carvaan,0,9,4.0,68,0.03125,30,0,4.57,Display,0,0,0,1750,0
Nokia,105,2023) Charcoal,0,4.2,5,0.00390625,0.00390625,0,4.57,Display,0,0,0,1515,0
OPPO,A17k,Navy Blue,182,4.5,6940,3,64,2048,16.66,HD+ Display,8,5 ,5000,9499,0
KARBONN,K531,0,28,4.0,287,0.03125,0.03125,0,6.1,QVGA Display,2,0,1800,1380,0
MTR,S1000,0,1,3.6,40,0.03125,0.03125,0,6.1,Display,3,0,3000,1100,0
KARBONN,K531,0,28,4.0,287,0.03125,0.03125,16,6.1,Display,3,0,1750,1349,0
KARBONN,K531,0,28,4.0,287,0.03125,0.03125,32,6.1,Quarter QVGA Display,3,0,1800,1349,0
KARBONN,KX3S,0,7,3.7,98,0.03125,0.03125,16,4.57,FWVGA+ Display,0,0.03 ,1000,1070,0
I,Kall,0,1617,3.6,18357,0.03125,0.03125,0,4.57,Display,3,0,1000,737,0
Kechaoda,K55,0,86,3.8,1624,0.03125,0.0625,0,4.57,Quarter QVGA Display,3,0,400,1399,0
Kechaoda,K115,0,11,4.0,178,0.03125,0.03125,0,3.66,QVGA Display,3,0,850,1170,0
Snexian,GURU,0,251,3.4,3599,0.03125,0.03125,16,4.57,Quarter QVGA Display,3,0,800,670,0
Snexian,GURU,0,251,3.4,3599,0.03125,0.03125,16,4.57,Quarter QVGA Display,3,0,800,670,0
Snexian,ROCK,0,56,3.7,629,0.03125,0.03125,32,4.57,VGA Display,3,0.3 ,1000,799,0
realme,C25s,Watery Grey,3017,4.4,52824,4,128,256,16.51,HD+ Display,13,8 ,6000,9999,0
SAMSUNG,Galaxy,Mystique Green,845,4.2,11651,6,128,0,16.74,Display,50,8 ,6000,15900,0
Redmi,9A,Coral Green,499,4.2,7037,3,32,0,16.59,Display,13,0,5000,7990,0
Kechaoda,K60,0,134,4.1,1424,0.03125,0.03125,16,6.1,QVGA Display,3,0.3 ,3600,1789,0
I,Kall,0,2,3.6,43,0.0625,0.03125,0,4.57,Display,3,0,1000,869,0
IQOO,Neo,Interstellar Black,29,4.4,350,12,256,0,17.22,Display,64,0,5000,33565,0
IQOO,Neo,Frost Blue,29,4.4,350,12,256,0,17.22,Display,64,0,5000,33738,0
I,Kall,0,7361,3.6,63863,0.03125,0.03125,0,4.5,Display,3,0,1000,744,0
itel,Vision3,Multi Green,34,4.2,578,2,32,0,16.76,Display,8,0,5000,5990,0
REDMI,10,Midnight Black,15132,4.3,245643,4,64,1024,17.02,HD+ Display,50,5 ,6000,9999,0
itel,Muzik,0,45,4.1,461,0.00390625,0.00390625,32,4.57,Display,3,0,1900,1270,0
Infinix,Note,Jewel Blue,1296,4.2,13558,6,128,512,17.02,Full HD+ AMOLED Display,50,16 ,5000,12999,0
Nokia,C32,Beach Pink,24,3.7,190,4,128,0,16.55,Display,50,2 ,5000,9999,0
MOTOROLA,e22s,Arctic Blue,29,3.9,388,4,64,1024,16.51,HD+ Display,16,8 ,5000,8990,0
Infinix,Note,Force Black,2734,4.2,27808,4,64,512,17.02,Full HD+ AMOLED Display,50,16 ,5000,10999,0
Infinix,Note,Jewel Blue,2734,4.2,27808,4,64,512,17.02,Full HD+ AMOLED Display,50,16 ,5000,10999,0
XTOUCH,F20, Not support Jio SIM ),10,3.2,58,0.03125,0.0546875,0,6.1,Display,3,0,1000,1249,0
Infinix,Zero,Glitter Gold,586,4.2,4556,8,128,2048,17.02,Full HD+ Display,108,60,4500,15499,0
POCO,M4,Yellow,3362,4.2,46300,6,128,512,16.71,Full HD+ Display,50,8 ,5000,14999,0
KARBONN,K531,0,28,4.0,287,0.03125,0.03125,16,6.1,Display,3,0,1750,1349,0
UiSmart,Ui-06,0,191,4,2011,0.5,0.25,0,4.5,Display,01,0,1050,1650,0
MU,M5000,0,326,3.9,2615,0.03125,0.03125,0,7.11,Display,3,0,2500,1199,0
KARBONN,K531,0,28,4.0,287,0.03125,0.03125,32,6.1,Quarter QVGA Display,3,0,1800,1349,0
Snexian,ROCK,0,60,3.7,629,0.03125,0.03125,32,4.57,VGA Display,3,0.3 ,1000,799,0
OPPO,A17k,Gold,187,4.5,6940,3,64,2048,16.66,HD+ Display,8,5 ,5000,10990,0
KARBONN,K31,0,16,3.8,204,0.0341796875,0.03125,0,6.1,HVGA Display,03,0,1800,1199,0
OPPO,A17k,Navy Blue,187,4.5,6940,3,64,2048,16.66,HD+ Display,8,5 ,5000,9499,0
Snexian,GURU,0,253,3.4,3599,0.03125,0.03125,16,4.57,Quarter QVGA Display,3,0,800,670,0
Nokia,TA-1304/105,0,4964,4.2,63964,0.00390625,0.00390625,0,4.5,Display,0,0,0,1199,0
REDMI,Note,Obsidian Black,634,4.2,5503,12,256,0,16.94,Full HD+ AMOLED Display,200,16 ,4980,32999,0
Kechaoda,K115,0,11,4.0,178,0.03125,0.03125,0,3.66,QVGA Display,3,0,850,1170,0
Snexian,Rock,0,776,4.0,12358,0.03125,0.03125,0,4.32,Display,3,0,800,1499,0
Tecno,Camon,Glacier Glow,20,4.3,192,8,256,0,16.94,Display,64,0,5000,14998,0
APPLE,iPhone,Black,11360,4.6,199217,0,128,0,15.49,Liquid Retina HD Display,12,12 ,0,44999,0
SAMSUNG,GALAXY,Aqua Green,236,4.2,4017,4,64,0,16.76,Display,50,0,6000,10799,0
LAVA,Spark,0,820,4.1,7275,0.03125,0.03125,32,7.11,QVGA Display,3,0,1200,1699,0
REDMI,Note,Glacier Blue,0,0,,12,256,0,16.94,Full HD+ AMOLED Display,50,16 ,5000,28999,0
SAMSUNG,Galaxy,Dark Blue,285,4.1,4719,4,128,0,16.51,HD+ Display,0,0,5000,9665,0
itel,MagicX,0,31,3.8,203,0.046875,0.125,0,4.57,Display,3,0,1900,2145,0
Snexian,ROCK,0,56,3.7,629,0.03125,0.03125,32,4.57,VGA Display,3,0.3 ,1000,999,0
REDMI,Note,Thunder Purple,2869,4.3,47331,6,64,512,16.33,Full HD+ Display,64,13 ,5000,13990,0
Nokia,110,0,7,4.1,170,0.00390625,0.00390625,0,4.5,Quarter QVGA Display,08,0,800,1699,0
REDMI,12c,Mint Green,3,3.5,54,128,6,0,17.04,Display,50,0,5000,10985,0
Nokia,2660,0,121,4,1772,0.125,0.046875,0,7.11,Display,3,0,1450,4999,0
Google,Pixel,Snow,784,4.3,5620,8,128,0,16.0,Full HD+ Display,50,10.8 ,4270,49999,0
Infinix,HOT,Horizon Blue,8488,4.3,118464,4,64,256,17.32,HD+ Display,13,8 ,6000,8999,0
KARBONN,KX3,0,143,4,2141,0.0302734375,0.03125,0,4.57,Display,3,0,800,989,0
itel,Vision3,Multi Green,34,4.2,578,2,32,0,16.76,Display,8,0,5000,5990,0
REDMI,12C,Mint Green,98,4.2,1774,4,64,0,17.04,Display,50,0,5000,9190,0
POCO,F5,Carbon Black,154,4.3,1125,12,256,0,16.94,Full HD+ Display,64,16 ,5000,30999,0
LAVA,Spark,0,820,4.1,7275,0.03125,0.03125,32,7.11,QVGA Display,3,0,1200,1890,0
SAMSUNG,Galaxy,Emerald Brown,845,4.2,11651,6,128,0,16.74,Display,50,0,6000,16990,0
MU,M5000,0,325,3.9,2615,0.03125,0.03125,0,7.11,Display,3,0,2500,1199,0
OPPO,A17K,Navy Blue,182,4.5,6940,3,64,2048,16.66,HD+ Display,8,5 ,5000,9450,0
SAMSUNG,Galaxy,Emarld Brown,845,4.2,11651,6,128,0,16.76,Display,50,0,6000,18693,0
Nokia,106,0,3,3.7,57,0.00390625,0.00390625,0,4.5,Display,0,0,0,2645,0
Tecno,Spark,Nebula Purple,37,4.1,479,3,64,256,16.66,HD+ Display,13,5 ,5000,7745,0
realme,Narzo,Mint Green,4955,4.5,124574,2,32,256,16.51,Display,8,5 ,5000,7499,0
SAREGAMA,Carvaan,0,150,4.2,2800,0.03125,3,0,6.1,Display,3,0,1500,2090,0
vivo,Y16,Drizzling Gold,268,4.1,3241,3,32,1024,16.54,HD+ Display,13,5 ,5000,12490,0
Kechaoda,K28,0,34,4.2,578,0.03125,0.0625,16,6.1,QVGA Display,3,0,1700,1399,0
itel,Vision3,Deep Ocean Black,2523,4.2,16486,2,32,0,16.76,Display,8,0,5000,6048,0
MOTOROLA,Edge,Viva Magenta,185,4.1,2828,8,256,0,16.51,Full HD+ Display,50,32 ,4400,29999,0
SAMSUNG,Guru,0,134,4.1,1424,0,0,16,5.08,QVGA Display,0,0,800,2890,0
Kechaoda,K60,0,820,4.1,7275,0.03125,0.03125,16,6.1,QVGA Display,3,0.3 ,3600,1797,0
LAVA,Spark,0,491,3.7,5646,0.03125,0.03125,32,7.11,QVGA Display,3,0,1200,1849,0
Micromax,X809,0,396,4.4,2364,0.03125,0.03125,0,7.11,Display,1,0,1000,1340,0
Nothing,Phone,2) ,42,4.2,264,12,256,0,17.02,Full HD+ Display,50,32 ,4700,49999,0
LAVA,Z2,Aqua Blue,7,3.7,98,2,32,512,16.55,HD+ Display,13,8 ,5000,5990,0
KARBONN,KX3S,0,8488,4.3,118464,0.03125,0.03125,16,4.57,FWVGA+ Display,0,0.03 ,1000,1070,0
Infinix,HOT,Daylight Green,0,4.1,11,4,64,256,17.32,HD+ Display,13,8 ,6000,8999,0
Cellecor,C9+,0,230,4.4,1314,0.03125,0.03125,0,4.57,Display,0,0,0,949,0
Nothing,Phone,2) ,773,4.0,12358,8,128,0,17.02,Full HD+ Display,50,32 ,4700,44999,0
Jmax,Super,0,5,4.0,45,0.03125,0.03125,0,4.57,Display,3,0,1100,759,0
Snexian,Rock,0,231,4.4,6496,0.03125,0.03125,0,4.32,Display,3,0,800,1215,0
itel,P40,Force Black,61,3.9,617,3,32,0,16.76,Display,13,0,6000,6799,0
itel,U30,0,9,4.0,68,0.03125,0.03125,0,4.57,Display,3,0,1200,1079,0
realme,C30s,Stripe Blue,8488,4.3,118464,2,32,1024,16.51,HD+ Display,8,5 ,5000,6999,0
itel,P40,Force Black,5,4.0,45,3,32,0,16.76,Display,13,0,6000,6799,0
Cellecor,E8,0,18,3.6,314,0.03125,0.03125,0,6.1,Display,8,0,2750,1302,0
SAMSUNG,Galaxy,Deep Ocean Blue,255,4.2,3684,8,128,0,16.76,Display,50,8 ,6000,18900,0
Micromax,X809,0,491,3.7,5646,0.03125,0.03125,0,7.11,Display,1,0,1000,1340,0
Tecno,POP,Uyuni Blue,5,4.3,73,4,64,0,16.66,Display,13,0,5000,7499,0
REDMI,12C,Lavender Purple,98,4.2,1774,4,64,0,17.04,Display,50,0,5000,8999,0
Infinix,HOT,Horizon Blue,8488,4.3,118464,4,64,256,17.32,HD+ Display,13,8 ,6000,8999,0
REDMI,A1+,Black,500,4.1,10464,3,32,512,16.56,HD+ Display,8,5 ,5000,8499,0
Cellecor,C9+,0,0,4.1,11,0.03125,0.03125,0,4.57,Display,0,0,0,949,0
Nokia,110,2023),0,4.1,18,0.00390625,0.00390625,0,4.57,Display,2,0,1000,2039,0
itel,Power,0,0,3.5,11,0.03125,0.03125,0,4.57,Display,3,0,2500,1349,0
LAVA,Spark,0,820,4.1,7275,0.03125,0.03125,32,7.11,QVGA Display,3,0,1200,1699,0
LAVA,Spark,0,820,4.1,7275,0.03125,0.03125,32,7.11,QVGA Display,3,0,1200,1890,0
LAVA,Spark,0,539,3.9,4460,0.03125,0.03125,32,7.11,QVGA Display,3,0,1200,1849,0
MarQ,by,0,358,3.3,4543,0.03125,0.03125,32,6.1,QVGA Display,3,0,3000,1599,0
Snexian,Guru,0,30,3.7,409,0.03125,0.03125,0,449.58,Display,1,0,850,699,0
Jmax,J32,0,0,4.3,15,0.03125,0.03125,0,4.57,Display,2,0,1050,699,0
itel,S23,Mystery White,19,4.3,192,8,128,1024,16.76,HD+ Display,50,8 ,5000,8499,0
Tecno,Camon,Glacier Glow,134,4.2,2124,8,256,0,16.94,Display,64,0,5000,14998,0
SAMSUNG,Galaxy,Cloud Mint,6,4.9,9,8,128,0,16.51,Display,12,32 ,4500,26795,0
Jmax,Super,0,24,3.7,190,0.03125,0.03125,0,4.57,Display,3,0,1100,759,0
Nokia,C32,Beach Pink,5,4.0,45,4,128,0,16.55,Display,50,2 ,5000,9999,0
itel,P40,Dreamy Blue,6,4.9,9,3,32,0,16.76,Display,13,0,6000,6598,0
realme,Narzo,Mars Orange,3,4.1,116,8,128,0,16.33,Display,64,0,5000,18255,0
LAVA,Z2,Aqua Blue,42,4.2,264,2,32,512,16.55,HD+ Display,13,8 ,5000,5990,0
APPLE,iPhone,Purple,848,4.6,14064,0,128,0,17.02,Super Retina XDR Display,12,12 ,0,77999,0
Good,One,0,310,3.9,1508,0.03125,0.03125,32,4.57,Display,2,0,2500,989,0
itel,U30,0,231,4.4,6496,0.03125,0.03125,0,4.57,Display,3,0,1200,1249,0
realme,C30s,Royal Blue,582,4,9007,2,32,1024,16.51,HD+ Display,8,5 ,5000,7349,0
Kechaoda,K33,0,582,4,9007,0.03125,0.03125,0,3.56,Display,3,0,800,1110,0
Kechaoda,K33,0,121,4,1772,0.03125,0.03125,0,3.56,Display,3,0,800,1110,0
Nokia,2660,0,12,4.2,292,0.125,0.046875,0,7.11,Display,3,0,1450,4999,0
realme,Narzo,Dark Blue,23,4.1,476,3,32,0,16.51,Display,8,5 ,5000,7990,0
Tecno,Pova,Eco Black,134,4.1,1424,6,128,512,17.53,Full HD+ Display,50,8 ,7000,13999,0
Kechaoda,K60,0,2857,4.2,43978,0.03125,0.03125,16,6.1,QVGA Display,3,0.3 ,3600,1797,0
REDMI,10,Caribbean Green,922,4.4,11472,6,128,1024,17.02,HD+ Display,50,5 ,6000,12999,0
OnePlus,Nord,Gray Shadow,358,3.3,4543,8,128,0,17.02,Display,50,32 ,4500,28990,0
Snexian,GURU,0,12429,4.5,112002,0.03125,0.03125,0,449.58,Display,1,0,850,699,0
realme,XT,Pearl White,938,3.9,14674,4,64,256,16.26,Display,64,16 ,4000,16910,0
Kechaoda,K10,0,544,4.5,6055,0.03125,0.03125,0,1.68,NA Display,0,0,0,1080,0
LAVA,A1,0,31,3.8,203,0.0009765625,0.00390625,0,4.57,NA Display,0,0,0,1079,0
OnePlus,11R,Sonic Black,231,4.4,6496,8,128,0,17.02,Display,50,0,5000,39398,0
itel,MagicX,0,2,3.5,68,0.046875,0.125,0,4.57,Display,3,0,1900,2145,0
realme,C30s,Stripe Black,146,4.2,1678,2,32,1024,16.51,HD+ Display,8,5 ,5000,6999,0
Nokia,105,0,1808,4.2,18309,0.00390625,0.00390625,0,4.57,Display,0,0,0,1515,0
SAMSUNG,GALAXY,Stardust Brown,61,4.2,1072,4,64,0,16.51,Display,50,0,5000,12990,0
itel,A60,SapphireBlack,16,4.1,202,2,32,0,16.76,HD Display,8,0,5000,5985,0
Nokia,G11,Grey,90,3.5,590,4,64,0,16.55,Display,50,0,5000,8800,0
I,Kall,0,15,4.0,289,0.03125,0.03125,0,4.5,Display,3,0,1000,749,0
itel,it2163s,0,522,4.1,10464,0.03125,0.03125,0,4.57,Display,3,0,1200,1190,0
REDMI,A1+,Black,153,4.2,1678,3,32,512,16.56,HD+ Display,8,5 ,5000,8499,0
SAMSUNG,Galaxy,Awesome Graphite,121,4.3,1906,8,256,1024,16.76,Full HD+ Display,48,13 ,5000,32999,0
IQOO,Z6,With Charger) ,1805,4.6,45294,6,128,0,16.97,Display,50,0,5000,15289,0
APPLE,iPhone,,270,3.9,1462,0,128,0,15.49,Super Retina XDR Display,12,12 ,0,67999,0
Good,One,0,805,4.3,5620,0.03125,0.03125,32,4.57,Display,2,0,2500,999,0
Google,Pixel,Lemongrass,879,4.6,14064,8,128,0,16.0,Full HD+ Display,50,10.8 ,4270,49999,0
APPLE,iPhone,Purple,546,3.9,4460,0,128,0,17.02,Super Retina XDR Display,12,12 ,0,77999,0
MarQ,by,0,943,3.9,14674,0.03125,0.03125,32,6.1,QVGA Display,3,0,3000,1599,0
Kechaoda,K10,0,12877,4.6,190310,0.03125,0.03125,0,1.68,NA Display,0,0,0,1080,0
APPLE,iPhone,White,2,4.1,38,0,128,0,15.49,Super Retina XDR Display,12,12 ,0,58999,0
Cellecor,E3+,0,9,4.0,68,0.03125,0.03125,32,4.57,Display,8,0,1000,1034,0
SAREGAMA,Carvaan,0,805,4.3,5620,0.03125,30,0,4.57,Display,0,0,0,1750,0
Google,Pixel,Obsidian,2360,4.1,31534,8,128,0,16.0,Full HD+ Display,50,10.8 ,4270,49999,0
Kechaoda,K115,0,42,3.4,492,0.03125,0.03125,0,3.66,QVGA Display,3,0,850,899,0
HOTLINE,H312,0,304,3.8,3194,0.03125,0.03125,0,4.57,Display,3,0,1000,649,0
Nokia,215,0,3897,4.3,57471,0.0625,0.125,32,6.1,QVGA Display,0,0,0,3499,0
Redmi,6A,Black,62,3.6,869,2,16,128,13.84,Display,13,5 ,3000,6408,0
REDMI,Note,Glacier White,77,4.3,1048,6,128,0,16.94,Display,48,0,5020,13680,0
KARBONN,KX3S,0,7,3.7,98,0.03125,0.03125,16,4.57,FWVGA Display,03,0 ,1000,1070,0
Good,One,0,310,3.9,1508,0.03125,0.03125,32,4.57,Display,2,0,2500,1099,0
OPPO,A57,Glowing Green,156,4.4,3388,4,64,1024,16.66,HD+ Display,13,8 ,5000,13999,0
realme,Narzo,Carbon Black,3520,4.3,63489,4,64,256,16.51,Display,8,5 ,5000,8999,0
Xiaomi,11Lite,Diamond Dazzle,405,4.2,3698,6,128,1024,16.64,Full HD+ Display,64,20 ,4250,21990,0
Xiaomi,11Lite,Jazz Blue,192,4.2,1875,8,128,1024,16.64,Full HD+ Display,64,20 ,4250,22399,0
KXD,P2,0,8,3.4,40,0.03125,0.03125,32,6.1,QVGA Display,3,0,2500,765,0
KXD,P2,0,8,3.4,40,0.03125,0.03125,32,6.1,QVGA Display,3,0,2500,745,0
Micromax,IN,Black,836,3.9,5936,6,64,256,16.56,HD+ Display,13,5 ,5000,7999,0
itel,2171,0,2,3.5,68,0.03125,0.03125,0,4.57,Display,3,0,1000,1085,0
Jmax,J32,0,30,3.7,409,0.03125,0.03125,0,4.57,Display,2,0,1050,699,0
Snexian,GURU,0,16,3.3,226,0.03125,0.03125,32,4.57,VGA Display,3,0.3 ,850,670,0
Kechaoda,K28,0,268,4.1,3241,0.03125,0.0625,0,6.1,QVGA Display,3,0,1700,1250,0
OPPO,A57,Glowing Gold,156,4.4,3388,4,64,1024,16.66,HD+ Display,13,8 ,5000,13999,0
REDMI,10,Shadow Black,14915,4.3,245643,4,64,1024,17.02,HD+ Display,50,5 ,6000,9999,0
MTR,S1000,0,1,3.6,40,0.03125,0.03125,0,6.1,Display,3,0,3000,1100,0
KARBONN,KU3,0,1,4.7,3,0.03125,0.03125,0,4.57,Display,3,0,800,1098,0
Kechaoda,K115,0,11,4.0,178,0.03125,0.03125,0,3.66,QVGA Display,3,0,850,1199,0
SAMSUNG,Galaxy,Icy Silver,175,4.2,2378,6,128,0,16.76,Display,50,0,6000,16390,0
Cellecor,C9+,0,0,4.1,11,0.03125,0.03125,0,4.57,QVGA Display,0,0,0,999,0
Micromax,X415,0,114,3.9,1727,0.0546875,0.03515625,0,4.5,Display,03,0,1000,949,0
vivo,Y36,Vibrant Gold,9,4.1,196,8,128,0,16.87,Full HD+ Display,50,16 ,5000,16999,0
REDMI,10,Phantom Black,246,4.2,3822,4,64,0,16.51,Display,50,0,6000,11980,0
Micromax,J2,0,50,3.8,784,0.03125,0.03125,0,4.5,Display,0,0,0,999,0
OPPO,A57,Glowing Green,156,4.4,3388,4,64,1024,16.66,HD+ Display,13,8 ,5000,13999,0
Kechaoda,K28,0,268,4.1,3241,0.03125,0.0625,16,6.1,QVGA Display,3,0,1700,1255,0
Micromax,J2,0,50,3.8,784,0.03125,0.03125,0,4.5,Display,0,0,0,970,0
REDMI,10A,SLATE GREY,84,4,1322,6,128,0,16.59,Display,13,0,5000,10999,0
Micromax,X415,0,114,3.9,1727,0.0546875,0.03515625,0,4.5,Display,03,0,1000,949,0
REDMI,10,Phantom Black,246,4.2,3822,4,64,0,16.51,Display,50,0,6000,11980,0
itel,ace-2young,0,0,3.8,6,0.015625,0.015625,0,4.57,Display,5,0,1000,899,0
REDMI,Note,Starburst White,174,4.2,2478,6,64,0,16.33,Display,50,13 ,5000,13460,0
REDMI,Note,Space Black,174,4.2,2478,6,64,0,16.33,Display,50,0,5000,13390,0
REDMI,Note,Horizon Blue,174,4.2,2478,6,64,0,16.33,Display,50,0,5000,12980,0
realme,C25s,Watery Blue,3017,4.4,52824,4,64,256,16.51,HD+ Display,13,8 ,6000,8999,0
Nokia,215,0,304,3.8,3194,0.0625,0.125,32,6.1,QVGA Display,0,0,0,3499,0
REDMI,10,Sunrise Orange,14915,4.3,245643,4,64,1024,17.02,HD+ Display,50,5 ,6000,9999,0
Kechaoda,A,0,17,3.9,339,0.03125,0.03125,0,3.66,Display,3,0,800,1200,0
Kechaoda,A,0,17,3.9,339,0.03125,0.03125,0,3.66,Display,3,0,800,1200,0
realme,Narzo,Carbon Black,3520,4.3,63489,4,64,256,16.51,Display,8,5 ,5000,8999,0
Micromax,X415,0,80,3.8,1015,0.03125,0.03125,0,4.5,Display,03,0,1000,1068,0
Kechaoda,K33,0,582,4,9007,0.03125,0.03125,0,3.56,Display,3,0,800,1120,0
Tecno,Spark,Endless Black,37,4.1,479,3,64,256,16.66,HD+ Display,13,5 ,5000,7390,0
I,Kall,0,638,3.3,7151,0.03125,0.03125,8,4.57,Display,0,0,0,719,0
realme,Narzo,Carbon Black,4955,4.5,124574,2,32,256,16.51,Display,8,5 ,5000,7499,0
SAREGAMA,Carvaan,0,2,0,,0.03125,3,0,4.57,Display,0,0,0,1750,0
REDMI,10,Shadow Black,14915,4.3,245643,4,64,1024,17.02,HD+ Display,50,5 ,6000,9999,0
